mix_id;audio_file;center_time;time_mmss;quality_profile;expected_quality_label;human_rating;comment;crossfade_curve;key_compatibility_camelot_distance
synth_000001;C:\Projekte\Projekte\MixCoach\audio-engine\mixcoach-audio-engine\datasets\synthetic\v1\mixes\synth_000001.wav;161.5;02:41;clean;5;2;kein Übergang, nur geblended;s_curve;1
synth_000001;C:\Projekte\Projekte\MixCoach\audio-engine\mixcoach-audio-engine\datasets\synthetic\v1\mixes\synth_000001.wav;382.4;06:22;key_clash;1;1;;s_curve;6
synth_000001;C:\Projekte\Projekte\MixCoach\audio-engine\mixcoach-audio-engine\datasets\synthetic\v1\mixes\synth_000001.wav;644.8;10:45;clean;5;1;;s_curve;1
synth_000001;C:\Projekte\Projekte\MixCoach\audio-engine\mixcoach-audio-engine\datasets\synthetic\v1\mixes\synth_000001.wav;887.7;14:48;clean;5;2;Keys passen nicht;linear;1
synth_000001;C:\Projekte\Projekte\MixCoach\audio-engine\mixcoach-audio-engine\datasets\synthetic\v1\mixes\synth_000001.wav;1021.1;17:01;clean;5;1;kein beatmatching;s_curve;0
synth_000002;C:\Projekte\Projekte\MixCoach\audio-engine\mixcoach-audio-engine\datasets\synthetic\v1\mixes\synth_000002.wav;250.2;04:10;clean;5;2;;equal_power;1
synth_000002;C:\Projekte\Projekte\MixCoach\audio-engine\mixcoach-audio-engine\datasets\synthetic\v1\mixes\synth_000002.wav;485.8;08:06;clean;5;1;;equal_power;1
synth_000002;C:\Projekte\Projekte\MixCoach\audio-engine\mixcoach-audio-engine\datasets\synthetic\v1\mixes\synth_000002.wav;743.5;12:24;clean;5;2;;equal_power;1
synth_000002;C:\Projekte\Projekte\MixCoach\audio-engine\mixcoach-audio-engine\datasets\synthetic\v1\mixes\synth_000002.wav;977.5;16:18;clean;5;2;;s_curve;0
synth_000002;C:\Projekte\Projekte\MixCoach\audio-engine\mixcoach-audio-engine\datasets\synthetic\v1\mixes\synth_000002.wav;1227.6;20:28;key_clash;2;1;;linear;4
synth_000003;C:\Projekte\Projekte\MixCoach\audio-engine\mixcoach-audio-engine\datasets\synthetic\v1\mixes\synth_000003.wav;244.9;04:05;key_clash;1;1;;exponential;5
synth_000003;C:\Projekte\Projekte\MixCoach\audio-engine\mixcoach-audio-engine\datasets\synthetic\v1\mixes\synth_000003.wav;500.2;08:20;clean;5;1;;equal_power;0
synth_000003;C:\Projekte\Projekte\MixCoach\audio-engine\mixcoach-audio-engine\datasets\synthetic\v1\mixes\synth_000003.wav;640.3;10:40;clean;5;1;;linear;1
synth_000003;C:\Projekte\Projekte\MixCoach\audio-engine\mixcoach-audio-engine\datasets\synthetic\v1\mixes\synth_000003.wav;887.1;14:47;clean;5;1;;linear;1
synth_000004;C:\Projekte\Projekte\MixCoach\audio-engine\mixcoach-audio-engine\datasets\synthetic\v1\mixes\synth_000004.wav;242.8;04:03;train_wreck;1;2;;exponential;5
synth_000004;C:\Projekte\Projekte\MixCoach\audio-engine\mixcoach-audio-engine\datasets\synthetic\v1\mixes\synth_000004.wav;474.4;07:54;clean;5;2;;equal_power;1
synth_000004;C:\Projekte\Projekte\MixCoach\audio-engine\mixcoach-audio-engine\datasets\synthetic\v1\mixes\synth_000004.wav;724.8;12:05;train_wreck;1;1;;s_curve;3
synth_000004;C:\Projekte\Projekte\MixCoach\audio-engine\mixcoach-audio-engine\datasets\synthetic\v1\mixes\synth_000004.wav;985.7;16:26;clean;5;2;;equal_power;0
synth_000005;C:\Projekte\Projekte\MixCoach\audio-engine\mixcoach-audio-engine\datasets\synthetic\v1\mixes\synth_000005.wav;253.5;04:14;off_phrase;2;2;;s_curve;3
synth_000005;C:\Projekte\Projekte\MixCoach\audio-engine\mixcoach-audio-engine\datasets\synthetic\v1\mixes\synth_000005.wav;522.8;08:43;key_clash;2;2;;equal_power;3
synth_000005;C:\Projekte\Projekte\MixCoach\audio-engine\mixcoach-audio-engine\datasets\synthetic\v1\mixes\synth_000005.wav;752.1;12:32;clean;5;1;;linear;1
synth_000006;C:\Projekte\Projekte\MixCoach\audio-engine\mixcoach-audio-engine\datasets\synthetic\v1\mixes\synth_000006.wav;161.5;02:41;clean;5;2;;s_curve;1
synth_000006;C:\Projekte\Projekte\MixCoach\audio-engine\mixcoach-audio-engine\datasets\synthetic\v1\mixes\synth_000006.wav;382.4;06:22;key_clash;1;1;;s_curve;6
synth_000006;C:\Projekte\Projekte\MixCoach\audio-engine\mixcoach-audio-engine\datasets\synthetic\v1\mixes\synth_000006.wav;644.8;10:45;clean;5;1;;s_curve;1
synth_000006;C:\Projekte\Projekte\MixCoach\audio-engine\mixcoach-audio-engine\datasets\synthetic\v1\mixes\synth_000006.wav;887.7;14:48;clean;5;2;;linear;1
synth_000006;C:\Projekte\Projekte\MixCoach\audio-engine\mixcoach-audio-engine\datasets\synthetic\v1\mixes\synth_000006.wav;1021.1;17:01;clean;5;2;;s_curve;0
synth_000007;C:\Projekte\Projekte\MixCoach\audio-engine\mixcoach-audio-engine\datasets\synthetic\v1\mixes\synth_000007.wav;230.1;03:50;off_phrase;2;2;;linear;1
synth_000007;C:\Projekte\Projekte\MixCoach\audio-engine\mixcoach-audio-engine\datasets\synthetic\v1\mixes\synth_000007.wav;475.2;07:55;clean;5;1;;linear;1
synth_000007;C:\Projekte\Projekte\MixCoach\audio-engine\mixcoach-audio-engine\datasets\synthetic\v1\mixes\synth_000007.wav;712.0;11:52;clean;5;1;;linear;0
synth_000008;C:\Projekte\Projekte\MixCoach\audio-engine\mixcoach-audio-engine\datasets\synthetic\v1\mixes\synth_000008.wav;254.2;04:14;key_clash;2;1;;exponential;3
synth_000008;C:\Projekte\Projekte\MixCoach\audio-engine\mixcoach-audio-engine\datasets\synthetic\v1\mixes\synth_000008.wav;460.3;07:40;clean;5;1;;linear;1
synth_000008;C:\Projekte\Projekte\MixCoach\audio-engine\mixcoach-audio-engine\datasets\synthetic\v1\mixes\synth_000008.wav;671.0;11:11;key_clash;2;1;;exponential;3
synth_000008;C:\Projekte\Projekte\MixCoach\audio-engine\mixcoach-audio-engine\datasets\synthetic\v1\mixes\synth_000008.wav;911.2;15:11;clean;5;2;;linear;1
synth_000008;C:\Projekte\Projekte\MixCoach\audio-engine\mixcoach-audio-engine\datasets\synthetic\v1\mixes\synth_000008.wav;917.6;15:18;clean;5;2;;linear;1
synth_000009;C:\Projekte\Projekte\MixCoach\audio-engine\mixcoach-audio-engine\datasets\synthetic\v1\mixes\synth_000009.wav;172.7;02:53;clean;5;1;;linear;1
synth_000009;C:\Projekte\Projekte\MixCoach\audio-engine\mixcoach-audio-engine\datasets\synthetic\v1\mixes\synth_000009.wav;415.4;06:55;clean;5;2;;linear;0
synth_000009;C:\Projekte\Projekte\MixCoach\audio-engine\mixcoach-audio-engine\datasets\synthetic\v1\mixes\synth_000009.wav;652.0;10:52;key_clash;1;2;;s_curve;5
synth_000009;C:\Projekte\Projekte\MixCoach\audio-engine\mixcoach-audio-engine\datasets\synthetic\v1\mixes\synth_000009.wav;896.3;14:56;clean;5;2;;equal_power;1
synth_000009;C:\Projekte\Projekte\MixCoach\audio-engine\mixcoach-audio-engine\datasets\synthetic\v1\mixes\synth_000009.wav;1114.8;18:35;clean;5;1;;linear;1
synth_000010;C:\Projekte\Projekte\MixCoach\audio-engine\mixcoach-audio-engine\datasets\synthetic\v1\mixes\synth_000010.wav;242.1;04:02;clean;5;2;;s_curve;0
synth_000010;C:\Projekte\Projekte\MixCoach\audio-engine\mixcoach-audio-engine\datasets\synthetic\v1\mixes\synth_000010.wav;478.8;07:59;train_wreck;1;1;;linear;6
synth_000010;C:\Projekte\Projekte\MixCoach\audio-engine\mixcoach-audio-engine\datasets\synthetic\v1\mixes\synth_000010.wav;743.3;12:23;clean;5;2;;s_curve;0
synth_000010;C:\Projekte\Projekte\MixCoach\audio-engine\mixcoach-audio-engine\datasets\synthetic\v1\mixes\synth_000010.wav;884.4;14:44;off_phrase;2;1;;exponential;3
synth_000011;C:\Projekte\Projekte\MixCoach\audio-engine\mixcoach-audio-engine\datasets\synthetic\v1\mixes\synth_000011.wav;242.7;04:03;off_beat;3;1;;exponential;1
synth_000011;C:\Projekte\Projekte\MixCoach\audio-engine\mixcoach-audio-engine\datasets\synthetic\v1\mixes\synth_000011.wav;461.2;07:41;key_clash;1;1;;s_curve;5
synth_000011;C:\Projekte\Projekte\MixCoach\audio-engine\mixcoach-audio-engine\datasets\synthetic\v1\mixes\synth_000011.wav;698.6;11:39;clean;5;1;;linear;1
synth_000011;C:\Projekte\Projekte\MixCoach\audio-engine\mixcoach-audio-engine\datasets\synthetic\v1\mixes\synth_000011.wav;931.8;15:32;key_clash;2;1;;exponential;3
synth_000012;C:\Projekte\Projekte\MixCoach\audio-engine\mixcoach-audio-engine\datasets\synthetic\v1\mixes\synth_000012.wav;253.3;04:13;off_phrase;2;2;;linear;5
synth_000012;C:\Projekte\Projekte\MixCoach\audio-engine\mixcoach-audio-engine\datasets\synthetic\v1\mixes\synth_000012.wav;480.1;08:00;clean;5;2;;s_curve;1
synth_000012;C:\Projekte\Projekte\MixCoach\audio-engine\mixcoach-audio-engine\datasets\synthetic\v1\mixes\synth_000012.wav;718.8;11:59;clean;5;1;;equal_power;0
synth_000012;C:\Projekte\Projekte\MixCoach\audio-engine\mixcoach-audio-engine\datasets\synthetic\v1\mixes\synth_000012.wav;951.2;15:51;clean;5;2;;linear;1
synth_000013;C:\Projekte\Projekte\MixCoach\audio-engine\mixcoach-audio-engine\datasets\synthetic\v1\mixes\synth_000013.wav;257.8;04:18;off_phrase;3;2;;equal_power;3
synth_000013;C:\Projekte\Projekte\MixCoach\audio-engine\mixcoach-audio-engine\datasets\synthetic\v1\mixes\synth_000013.wav;499.4;08:19;clean;5;2;;equal_power;0
synth_000013;C:\Projekte\Projekte\MixCoach\audio-engine\mixcoach-audio-engine\datasets\synthetic\v1\mixes\synth_000013.wav;756.7;12:37;abrupt;2;1;;linear;5
synth_000014;C:\Projekte\Projekte\MixCoach\audio-engine\mixcoach-audio-engine\datasets\synthetic\v1\mixes\synth_000014.wav;239.8;04:00;train_wreck;1;2;;s_curve;6
synth_000014;C:\Projekte\Projekte\MixCoach\audio-engine\mixcoach-audio-engine\datasets\synthetic\v1\mixes\synth_000014.wav;464.8;07:45;off_beat;2;2;;s_curve;5
synth_000014;C:\Projekte\Projekte\MixCoach\audio-engine\mixcoach-audio-engine\datasets\synthetic\v1\mixes\synth_000014.wav;715.0;11:55;clean;5;1;;s_curve;1
synth_000015;C:\Projekte\Projekte\MixCoach\audio-engine\mixcoach-audio-engine\datasets\synthetic\v1\mixes\synth_000015.wav;251.8;04:12;off_phrase;3;1;;s_curve;4
synth_000015;C:\Projekte\Projekte\MixCoach\audio-engine\mixcoach-audio-engine\datasets\synthetic\v1\mixes\synth_000015.wav;469.4;07:49;clean;5;2;;equal_power;1
synth_000015;C:\Projekte\Projekte\MixCoach\audio-engine\mixcoach-audio-engine\datasets\synthetic\v1\mixes\synth_000015.wav;720.7;12:01;abrupt;2;1;;linear;5
synth_000015;C:\Projekte\Projekte\MixCoach\audio-engine\mixcoach-audio-engine\datasets\synthetic\v1\mixes\synth_000015.wav;864.8;14:25;train_wreck;1;2;;equal_power;5
synth_000016;C:\Projekte\Projekte\MixCoach\audio-engine\mixcoach-audio-engine\datasets\synthetic\v1\mixes\synth_000016.wav;250.5;04:11;off_beat;3;1;;linear;1
synth_000016;C:\Projekte\Projekte\MixCoach\audio-engine\mixcoach-audio-engine\datasets\synthetic\v1\mixes\synth_000016.wav;488.3;08:08;clean;5;2;;equal_power;1
synth_000016;C:\Projekte\Projekte\MixCoach\audio-engine\mixcoach-audio-engine\datasets\synthetic\v1\mixes\synth_000016.wav;732.1;12:12;off_phrase;2;2;;equal_power;4
synth_000016;C:\Projekte\Projekte\MixCoach\audio-engine\mixcoach-audio-engine\datasets\synthetic\v1\mixes\synth_000016.wav;966.5;16:06;clean;5;1;;s_curve;1
synth_000017;C:\Projekte\Projekte\MixCoach\audio-engine\mixcoach-audio-engine\datasets\synthetic\v1\mixes\synth_000017.wav;234.9;03:55;clean;5;1;;s_curve;0
synth_000017;C:\Projekte\Projekte\MixCoach\audio-engine\mixcoach-audio-engine\datasets\synthetic\v1\mixes\synth_000017.wav;382.2;06:22;clean;5;1;;equal_power;0
synth_000017;C:\Projekte\Projekte\MixCoach\audio-engine\mixcoach-audio-engine\datasets\synthetic\v1\mixes\synth_000017.wav;556.5;09:16;clean;5;1;;equal_power;0
synth_000017;C:\Projekte\Projekte\MixCoach\audio-engine\mixcoach-audio-engine\datasets\synthetic\v1\mixes\synth_000017.wav;797.8;13:18;train_wreck;1;1;;linear;4
synth_000018;C:\Projekte\Projekte\MixCoach\audio-engine\mixcoach-audio-engine\datasets\synthetic\v1\mixes\synth_000018.wav;246.6;04:07;train_wreck;1;2;;equal_power;5
synth_000018;C:\Projekte\Projekte\MixCoach\audio-engine\mixcoach-audio-engine\datasets\synthetic\v1\mixes\synth_000018.wav;475.6;07:56;off_beat;3;2;;equal_power;7
synth_000018;C:\Projekte\Projekte\MixCoach\audio-engine\mixcoach-audio-engine\datasets\synthetic\v1\mixes\synth_000018.wav;716.4;11:56;off_phrase;3;1;;exponential;3
synth_000018;C:\Projekte\Projekte\MixCoach\audio-engine\mixcoach-audio-engine\datasets\synthetic\v1\mixes\synth_000018.wav;986.4;16:26;clean;5;2;;equal_power;1
synth_000018;C:\Projekte\Projekte\MixCoach\audio-engine\mixcoach-audio-engine\datasets\synthetic\v1\mixes\synth_000018.wav;1220.2;20:20;clean;5;2;;equal_power;1
synth_000019;C:\Projekte\Projekte\MixCoach\audio-engine\mixcoach-audio-engine\datasets\synthetic\v1\mixes\synth_000019.wav;250.2;04:10;clean;5;2;;equal_power;1
synth_000019;C:\Projekte\Projekte\MixCoach\audio-engine\mixcoach-audio-engine\datasets\synthetic\v1\mixes\synth_000019.wav;485.8;08:06;clean;5;1;;equal_power;1
synth_000019;C:\Projekte\Projekte\MixCoach\audio-engine\mixcoach-audio-engine\datasets\synthetic\v1\mixes\synth_000019.wav;743.5;12:24;clean;5;2;;equal_power;1
synth_000019;C:\Projekte\Projekte\MixCoach\audio-engine\mixcoach-audio-engine\datasets\synthetic\v1\mixes\synth_000019.wav;977.5;16:18;clean;5;1;;s_curve;0
synth_000019;C:\Projekte\Projekte\MixCoach\audio-engine\mixcoach-audio-engine\datasets\synthetic\v1\mixes\synth_000019.wav;1227.6;20:28;key_clash;2;1;;linear;4
synth_000020;C:\Projekte\Projekte\MixCoach\audio-engine\mixcoach-audio-engine\datasets\synthetic\v1\mixes\synth_000020.wav;238.5;03:58;clean;5;2;;linear;1
synth_000020;C:\Projekte\Projekte\MixCoach\audio-engine\mixcoach-audio-engine\datasets\synthetic\v1\mixes\synth_000020.wav;467.7;07:48;off_beat;2;2;;linear;5
synth_000020;C:\Projekte\Projekte\MixCoach\audio-engine\mixcoach-audio-engine\datasets\synthetic\v1\mixes\synth_000020.wav;704.5;11:45;clean;5;2;;s_curve;1
synth_000021;C:\Projekte\Projekte\MixCoach\audio-engine\mixcoach-audio-engine\datasets\synthetic\v1\mixes\synth_000021.wav;174.7;02:55;key_clash;1;1;;equal_power;5
synth_000021;C:\Projekte\Projekte\MixCoach\audio-engine\mixcoach-audio-engine\datasets\synthetic\v1\mixes\synth_000021.wav;272.1;04:32;abrupt;2;1;;linear;3
synth_000021;C:\Projekte\Projekte\MixCoach\audio-engine\mixcoach-audio-engine\datasets\synthetic\v1\mixes\synth_000021.wav;474.1;07:54;abrupt;2;1;;linear;2
synth_000021;C:\Projekte\Projekte\MixCoach\audio-engine\mixcoach-audio-engine\datasets\synthetic\v1\mixes\synth_000021.wav;716.3;11:56;train_wreck;1;1;;equal_power;4
synth_000022;C:\Projekte\Projekte\MixCoach\audio-engine\mixcoach-audio-engine\datasets\synthetic\v1\mixes\synth_000022.wav;252.3;04:12;off_beat;2;1;;equal_power;3
synth_000022;C:\Projekte\Projekte\MixCoach\audio-engine\mixcoach-audio-engine\datasets\synthetic\v1\mixes\synth_000022.wav;477.5;07:58;clean;5;2;;linear;0
synth_000022;C:\Projekte\Projekte\MixCoach\audio-engine\mixcoach-audio-engine\datasets\synthetic\v1\mixes\synth_000022.wav;717.1;11:57;abrupt;2;2;;linear;2
synth_000022;C:\Projekte\Projekte\MixCoach\audio-engine\mixcoach-audio-engine\datasets\synthetic\v1\mixes\synth_000022.wav;970.0;16:10;clean;5;1;;equal_power;1
synth_000022;C:\Projekte\Projekte\MixCoach\audio-engine\mixcoach-audio-engine\datasets\synthetic\v1\mixes\synth_000022.wav;1186.8;19:47;clean;5;2;;s_curve;1
synth_000023;C:\Projekte\Projekte\MixCoach\audio-engine\mixcoach-audio-engine\datasets\synthetic\v1\mixes\synth_000023.wav;254.0;04:14;off_beat;3;2;;s_curve;1
synth_000023;C:\Projekte\Projekte\MixCoach\audio-engine\mixcoach-audio-engine\datasets\synthetic\v1\mixes\synth_000023.wav;511.4;08:31;train_wreck;1;2;;s_curve;3
synth_000023;C:\Projekte\Projekte\MixCoach\audio-engine\mixcoach-audio-engine\datasets\synthetic\v1\mixes\synth_000023.wav;767.9;12:48;train_wreck;1;1;;s_curve;4
synth_000024;C:\Projekte\Projekte\MixCoach\audio-engine\mixcoach-audio-engine\datasets\synthetic\v1\mixes\synth_000024.wav;239.5;04:00;clean;5;2;;linear;0
synth_000024;C:\Projekte\Projekte\MixCoach\audio-engine\mixcoach-audio-engine\datasets\synthetic\v1\mixes\synth_000024.wav;490.3;08:10;clean;5;1;;equal_power;1
synth_000024;C:\Projekte\Projekte\MixCoach\audio-engine\mixcoach-audio-engine\datasets\synthetic\v1\mixes\synth_000024.wav;748.5;12:29;clean;5;2;;s_curve;1
synth_000025;C:\Projekte\Projekte\MixCoach\audio-engine\mixcoach-audio-engine\datasets\synthetic\v1\mixes\synth_000025.wav;210.7;03:31;off_beat;3;1;;linear;3
synth_000025;C:\Projekte\Projekte\MixCoach\audio-engine\mixcoach-audio-engine\datasets\synthetic\v1\mixes\synth_000025.wav;451.9;07:32;clean;5;1;;s_curve;0
synth_000025;C:\Projekte\Projekte\MixCoach\audio-engine\mixcoach-audio-engine\datasets\synthetic\v1\mixes\synth_000025.wav;689.3;11:29;clean;5;1;;s_curve;1
synth_000026;C:\Projekte\Projekte\MixCoach\audio-engine\mixcoach-audio-engine\datasets\synthetic\v1\mixes\synth_000026.wav;244.9;04:05;key_clash;1;2;;exponential;5
synth_000026;C:\Projekte\Projekte\MixCoach\audio-engine\mixcoach-audio-engine\datasets\synthetic\v1\mixes\synth_000026.wav;500.2;08:20;clean;5;1;;equal_power;0
synth_000026;C:\Projekte\Projekte\MixCoach\audio-engine\mixcoach-audio-engine\datasets\synthetic\v1\mixes\synth_000026.wav;640.3;10:40;clean;5;1;;linear;1
synth_000026;C:\Projekte\Projekte\MixCoach\audio-engine\mixcoach-audio-engine\datasets\synthetic\v1\mixes\synth_000026.wav;887.1;14:47;clean;5;2;;linear;1
synth_000027;C:\Projekte\Projekte\MixCoach\audio-engine\mixcoach-audio-engine\datasets\synthetic\v1\mixes\synth_000027.wav;242.8;04:03;train_wreck;1;1;;exponential;5
synth_000027;C:\Projekte\Projekte\MixCoach\audio-engine\mixcoach-audio-engine\datasets\synthetic\v1\mixes\synth_000027.wav;474.4;07:54;clean;5;2;;equal_power;1
synth_000027;C:\Projekte\Projekte\MixCoach\audio-engine\mixcoach-audio-engine\datasets\synthetic\v1\mixes\synth_000027.wav;724.8;12:05;train_wreck;1;1;;s_curve;3
synth_000027;C:\Projekte\Projekte\MixCoach\audio-engine\mixcoach-audio-engine\datasets\synthetic\v1\mixes\synth_000027.wav;985.7;16:26;clean;5;2;;equal_power;0
synth_000028;C:\Projekte\Projekte\MixCoach\audio-engine\mixcoach-audio-engine\datasets\synthetic\v1\mixes\synth_000028.wav;253.5;04:14;off_phrase;2;2;;s_curve;3
synth_000028;C:\Projekte\Projekte\MixCoach\audio-engine\mixcoach-audio-engine\datasets\synthetic\v1\mixes\synth_000028.wav;522.8;08:43;key_clash;2;1;;equal_power;3
synth_000028;C:\Projekte\Projekte\MixCoach\audio-engine\mixcoach-audio-engine\datasets\synthetic\v1\mixes\synth_000028.wav;752.1;12:32;clean;5;1;;linear;1
synth_000030;C:\Projekte\Projekte\MixCoach\audio-engine\mixcoach-audio-engine\datasets\synthetic\v1\mixes\synth_000030.wav;230.1;03:50;off_phrase;2;1;;linear;1
synth_000030;C:\Projekte\Projekte\MixCoach\audio-engine\mixcoach-audio-engine\datasets\synthetic\v1\mixes\synth_000030.wav;475.2;07:55;clean;5;1;;linear;1
synth_000030;C:\Projekte\Projekte\MixCoach\audio-engine\mixcoach-audio-engine\datasets\synthetic\v1\mixes\synth_000030.wav;712.0;11:52;clean;5;1;;linear;0
synth_000031;C:\Projekte\Projekte\MixCoach\audio-engine\mixcoach-audio-engine\datasets\synthetic\v1\mixes\synth_000031.wav;254.2;04:14;key_clash;2;2;;exponential;3
synth_000031;C:\Projekte\Projekte\MixCoach\audio-engine\mixcoach-audio-engine\datasets\synthetic\v1\mixes\synth_000031.wav;460.3;07:40;clean;5;2;;linear;1
synth_000031;C:\Projekte\Projekte\MixCoach\audio-engine\mixcoach-audio-engine\datasets\synthetic\v1\mixes\synth_000031.wav;671.0;11:11;key_clash;2;1;;exponential;3
synth_000031;C:\Projekte\Projekte\MixCoach\audio-engine\mixcoach-audio-engine\datasets\synthetic\v1\mixes\synth_000031.wav;911.2;15:11;clean;5;2;;linear;1
synth_000031;C:\Projekte\Projekte\MixCoach\audio-engine\mixcoach-audio-engine\datasets\synthetic\v1\mixes\synth_000031.wav;917.6;15:18;clean;5;2;;linear;1
synth_000032;C:\Projekte\Projekte\MixCoach\audio-engine\mixcoach-audio-engine\datasets\synthetic\v1\mixes\synth_000032.wav;172.7;02:53;clean;5;2;;linear;1
synth_000032;C:\Projekte\Projekte\MixCoach\audio-engine\mixcoach-audio-engine\datasets\synthetic\v1\mixes\synth_000032.wav;415.4;06:55;clean;5;1;;linear;0
synth_000032;C:\Projekte\Projekte\MixCoach\audio-engine\mixcoach-audio-engine\datasets\synthetic\v1\mixes\synth_000032.wav;652.0;10:52;key_clash;1;2;;s_curve;5
synth_000032;C:\Projekte\Projekte\MixCoach\audio-engine\mixcoach-audio-engine\datasets\synthetic\v1\mixes\synth_000032.wav;896.3;14:56;clean;5;1;;equal_power;1
synth_000032;C:\Projekte\Projekte\MixCoach\audio-engine\mixcoach-audio-engine\datasets\synthetic\v1\mixes\synth_000032.wav;1114.8;18:35;clean;5;1;;linear;1
synth_000033;C:\Projekte\Projekte\MixCoach\audio-engine\mixcoach-audio-engine\datasets\synthetic\v1\mixes\synth_000033.wav;242.1;04:02;clean;5;2;;s_curve;0
synth_000033;C:\Projekte\Projekte\MixCoach\audio-engine\mixcoach-audio-engine\datasets\synthetic\v1\mixes\synth_000033.wav;478.8;07:59;train_wreck;1;2;;linear;6
synth_000033;C:\Projekte\Projekte\MixCoach\audio-engine\mixcoach-audio-engine\datasets\synthetic\v1\mixes\synth_000033.wav;743.3;12:23;clean;5;2;;s_curve;0
synth_000033;C:\Projekte\Projekte\MixCoach\audio-engine\mixcoach-audio-engine\datasets\synthetic\v1\mixes\synth_000033.wav;884.4;14:44;off_phrase;2;1;;exponential;3
synth_000034;C:\Projekte\Projekte\MixCoach\audio-engine\mixcoach-audio-engine\datasets\synthetic\v1\mixes\synth_000034.wav;242.7;04:03;off_beat;3;1;;exponential;1
synth_000034;C:\Projekte\Projekte\MixCoach\audio-engine\mixcoach-audio-engine\datasets\synthetic\v1\mixes\synth_000034.wav;461.2;07:41;key_clash;1;1;;s_curve;5
synth_000034;C:\Projekte\Projekte\MixCoach\audio-engine\mixcoach-audio-engine\datasets\synthetic\v1\mixes\synth_000034.wav;698.6;11:39;clean;5;1;;linear;1
synth_000034;C:\Projekte\Projekte\MixCoach\audio-engine\mixcoach-audio-engine\datasets\synthetic\v1\mixes\synth_000034.wav;931.8;15:32;key_clash;2;1;;exponential;3
synth_000035;C:\Projekte\Projekte\MixCoach\audio-engine\mixcoach-audio-engine\datasets\synthetic\v1\mixes\synth_000035.wav;253.3;04:13;off_phrase;2;2;;linear;5
synth_000035;C:\Projekte\Projekte\MixCoach\audio-engine\mixcoach-audio-engine\datasets\synthetic\v1\mixes\synth_000035.wav;480.1;08:00;clean;5;2;;s_curve;1
synth_000035;C:\Projekte\Projekte\MixCoach\audio-engine\mixcoach-audio-engine\datasets\synthetic\v1\mixes\synth_000035.wav;718.8;11:59;clean;5;1;;equal_power;0
synth_000035;C:\Projekte\Projekte\MixCoach\audio-engine\mixcoach-audio-engine\datasets\synthetic\v1\mixes\synth_000035.wav;951.2;15:51;clean;5;2;;linear;1
synth_000036;C:\Projekte\Projekte\MixCoach\audio-engine\mixcoach-audio-engine\datasets\synthetic\v1\mixes\synth_000036.wav;257.8;04:18;off_phrase;3;2;;equal_power;3
synth_000036;C:\Projekte\Projekte\MixCoach\audio-engine\mixcoach-audio-engine\datasets\synthetic\v1\mixes\synth_000036.wav;499.4;08:19;clean;5;1;;equal_power;0
synth_000036;C:\Projekte\Projekte\MixCoach\audio-engine\mixcoach-audio-engine\datasets\synthetic\v1\mixes\synth_000036.wav;756.7;12:37;abrupt;2;1;;linear;5
synth_000037;C:\Projekte\Projekte\MixCoach\audio-engine\mixcoach-audio-engine\datasets\synthetic\v1\mixes\synth_000037.wav;239.8;04:00;train_wreck;1;2;;s_curve;6
synth_000037;C:\Projekte\Projekte\MixCoach\audio-engine\mixcoach-audio-engine\datasets\synthetic\v1\mixes\synth_000037.wav;464.8;07:45;off_beat;2;1;;s_curve;5
synth_000037;C:\Projekte\Projekte\MixCoach\audio-engine\mixcoach-audio-engine\datasets\synthetic\v1\mixes\synth_000037.wav;715.0;11:55;clean;5;2;;s_curve;1
synth_000038;C:\Projekte\Projekte\MixCoach\audio-engine\mixcoach-audio-engine\datasets\synthetic\v1\mixes\synth_000038.wav;251.8;04:12;off_phrase;3;1;;s_curve;4
synth_000038;C:\Projekte\Projekte\MixCoach\audio-engine\mixcoach-audio-engine\datasets\synthetic\v1\mixes\synth_000038.wav;469.4;07:49;clean;5;2;;equal_power;1
synth_000038;C:\Projekte\Projekte\MixCoach\audio-engine\mixcoach-audio-engine\datasets\synthetic\v1\mixes\synth_000038.wav;720.7;12:01;abrupt;2;2;;linear;5
synth_000038;C:\Projekte\Projekte\MixCoach\audio-engine\mixcoach-audio-engine\datasets\synthetic\v1\mixes\synth_000038.wav;864.8;14:25;train_wreck;1;1;;equal_power;5
synth_000039;C:\Projekte\Projekte\MixCoach\audio-engine\mixcoach-audio-engine\datasets\synthetic\v1\mixes\synth_000039.wav;250.5;04:11;off_beat;3;1;;linear;1
synth_000039;C:\Projekte\Projekte\MixCoach\audio-engine\mixcoach-audio-engine\datasets\synthetic\v1\mixes\synth_000039.wav;488.3;08:08;clean;5;1;;equal_power;1
synth_000039;C:\Projekte\Projekte\MixCoach\audio-engine\mixcoach-audio-engine\datasets\synthetic\v1\mixes\synth_000039.wav;732.1;12:12;off_phrase;2;1;;equal_power;4
synth_000039;C:\Projekte\Projekte\MixCoach\audio-engine\mixcoach-audio-engine\datasets\synthetic\v1\mixes\synth_000039.wav;966.5;16:06;clean;5;1;;s_curve;1
synth_000040;C:\Projekte\Projekte\MixCoach\audio-engine\mixcoach-audio-engine\datasets\synthetic\v1\mixes\synth_000040.wav;234.9;03:55;clean;5;2;;s_curve;0
synth_000040;C:\Projekte\Projekte\MixCoach\audio-engine\mixcoach-audio-engine\datasets\synthetic\v1\mixes\synth_000040.wav;382.2;06:22;clean;5;2;;equal_power;0
synth_000040;C:\Projekte\Projekte\MixCoach\audio-engine\mixcoach-audio-engine\datasets\synthetic\v1\mixes\synth_000040.wav;556.5;09:16;clean;5;1;;equal_power;0
synth_000040;C:\Projekte\Projekte\MixCoach\audio-engine\mixcoach-audio-engine\datasets\synthetic\v1\mixes\synth_000040.wav;797.8;13:18;train_wreck;1;2;;linear;4
synth_000041;C:\Projekte\Projekte\MixCoach\audio-engine\mixcoach-audio-engine\datasets\synthetic\v1\mixes\synth_000041.wav;246.6;04:07;train_wreck;1;2;;equal_power;5
synth_000041;C:\Projekte\Projekte\MixCoach\audio-engine\mixcoach-audio-engine\datasets\synthetic\v1\mixes\synth_000041.wav;475.6;07:56;off_beat;3;2;;equal_power;7
synth_000041;C:\Projekte\Projekte\MixCoach\audio-engine\mixcoach-audio-engine\datasets\synthetic\v1\mixes\synth_000041.wav;716.4;11:56;off_phrase;3;1;;exponential;3
synth_000041;C:\Projekte\Projekte\MixCoach\audio-engine\mixcoach-audio-engine\datasets\synthetic\v1\mixes\synth_000041.wav;986.4;16:26;clean;5;2;;equal_power;1
synth_000041;C:\Projekte\Projekte\MixCoach\audio-engine\mixcoach-audio-engine\datasets\synthetic\v1\mixes\synth_000041.wav;1220.2;20:20;clean;5;1;;equal_power;1
synth_000043;C:\Projekte\Projekte\MixCoach\audio-engine\mixcoach-audio-engine\datasets\synthetic\v1\mixes\synth_000043.wav;238.5;03:58;clean;5;1;;linear;1
synth_000043;C:\Projekte\Projekte\MixCoach\audio-engine\mixcoach-audio-engine\datasets\synthetic\v1\mixes\synth_000043.wav;467.7;07:48;off_beat;2;2;;linear;5
synth_000043;C:\Projekte\Projekte\MixCoach\audio-engine\mixcoach-audio-engine\datasets\synthetic\v1\mixes\synth_000043.wav;704.5;11:45;clean;5;2;;s_curve;1
synth_000044;C:\Projekte\Projekte\MixCoach\audio-engine\mixcoach-audio-engine\datasets\synthetic\v1\mixes\synth_000044.wav;174.7;02:55;key_clash;1;2;;equal_power;5
synth_000044;C:\Projekte\Projekte\MixCoach\audio-engine\mixcoach-audio-engine\datasets\synthetic\v1\mixes\synth_000044.wav;272.1;04:32;abrupt;2;1;;linear;3
synth_000044;C:\Projekte\Projekte\MixCoach\audio-engine\mixcoach-audio-engine\datasets\synthetic\v1\mixes\synth_000044.wav;474.1;07:54;abrupt;2;1;;linear;2
synth_000044;C:\Projekte\Projekte\MixCoach\audio-engine\mixcoach-audio-engine\datasets\synthetic\v1\mixes\synth_000044.wav;716.3;11:56;train_wreck;1;1;;equal_power;4
synth_000045;C:\Projekte\Projekte\MixCoach\audio-engine\mixcoach-audio-engine\datasets\synthetic\v1\mixes\synth_000045.wav;252.3;04:12;off_beat;2;1;;equal_power;3
synth_000045;C:\Projekte\Projekte\MixCoach\audio-engine\mixcoach-audio-engine\datasets\synthetic\v1\mixes\synth_000045.wav;477.5;07:58;clean;5;1;;linear;0
synth_000045;C:\Projekte\Projekte\MixCoach\audio-engine\mixcoach-audio-engine\datasets\synthetic\v1\mixes\synth_000045.wav;717.1;11:57;abrupt;2;2;;linear;2
synth_000045;C:\Projekte\Projekte\MixCoach\audio-engine\mixcoach-audio-engine\datasets\synthetic\v1\mixes\synth_000045.wav;970.0;16:10;clean;5;2;;equal_power;1
synth_000045;C:\Projekte\Projekte\MixCoach\audio-engine\mixcoach-audio-engine\datasets\synthetic\v1\mixes\synth_000045.wav;1186.8;19:47;clean;5;1;;s_curve;1
synth_000046;C:\Projekte\Projekte\MixCoach\audio-engine\mixcoach-audio-engine\datasets\synthetic\v1\mixes\synth_000046.wav;254.0;04:14;off_beat;3;2;;s_curve;1
synth_000046;C:\Projekte\Projekte\MixCoach\audio-engine\mixcoach-audio-engine\datasets\synthetic\v1\mixes\synth_000046.wav;511.4;08:31;train_wreck;1;2;;s_curve;3
synth_000046;C:\Projekte\Projekte\MixCoach\audio-engine\mixcoach-audio-engine\datasets\synthetic\v1\mixes\synth_000046.wav;767.9;12:48;train_wreck;1;2;;s_curve;4
synth_000047;C:\Projekte\Projekte\MixCoach\audio-engine\mixcoach-audio-engine\datasets\synthetic\v1\mixes\synth_000047.wav;239.5;04:00;clean;5;1;;linear;0
synth_000047;C:\Projekte\Projekte\MixCoach\audio-engine\mixcoach-audio-engine\datasets\synthetic\v1\mixes\synth_000047.wav;490.3;08:10;clean;5;2;;equal_power;1
synth_000047;C:\Projekte\Projekte\MixCoach\audio-engine\mixcoach-audio-engine\datasets\synthetic\v1\mixes\synth_000047.wav;748.5;12:29;clean;5;1;;s_curve;1
synth_000048;C:\Projekte\Projekte\MixCoach\audio-engine\mixcoach-audio-engine\datasets\synthetic\v1\mixes\synth_000048.wav;210.7;03:31;off_beat;3;2;;linear;3
synth_000048;C:\Projekte\Projekte\MixCoach\audio-engine\mixcoach-audio-engine\datasets\synthetic\v1\mixes\synth_000048.wav;451.9;07:32;clean;5;1;;s_curve;0
synth_000048;C:\Projekte\Projekte\MixCoach\audio-engine\mixcoach-audio-engine\datasets\synthetic\v1\mixes\synth_000048.wav;689.3;11:29;clean;5;1;;s_curve;1
synth_000049;C:\Projekte\Projekte\MixCoach\audio-engine\mixcoach-audio-engine\datasets\synthetic\v1\mixes\synth_000049.wav;238.5;03:58;key_clash;2;1;;equal_power;3
synth_000049;C:\Projekte\Projekte\MixCoach\audio-engine\mixcoach-audio-engine\datasets\synthetic\v1\mixes\synth_000049.wav;413.2;06:53;off_phrase;2;1;;equal_power;4
synth_000049;C:\Projekte\Projekte\MixCoach\audio-engine\mixcoach-audio-engine\datasets\synthetic\v1\mixes\synth_000049.wav;658.7;10:59;abrupt;2;1;;linear;2
synth_000049;C:\Projekte\Projekte\MixCoach\audio-engine\mixcoach-audio-engine\datasets\synthetic\v1\mixes\synth_000049.wav;877.9;14:38;clean;5;2;;equal_power;0
synth_000050;C:\Projekte\Projekte\MixCoach\audio-engine\mixcoach-audio-engine\datasets\synthetic\v1\mixes\synth_000050.wav;243.1;04:03;clean;5;2;;s_curve;1
synth_000050;C:\Projekte\Projekte\MixCoach\audio-engine\mixcoach-audio-engine\datasets\synthetic\v1\mixes\synth_000050.wav;477.1;07:57;off_phrase;2;1;;s_curve;6
synth_000050;C:\Projekte\Projekte\MixCoach\audio-engine\mixcoach-audio-engine\datasets\synthetic\v1\mixes\synth_000050.wav;721.7;12:02;abrupt;2;2;;linear;5
synth_000051;C:\Projekte\Projekte\MixCoach\audio-engine\mixcoach-audio-engine\datasets\synthetic\v1\mixes\synth_000051.wav;240.9;04:01;key_clash;2;2;;exponential;4
synth_000051;C:\Projekte\Projekte\MixCoach\audio-engine\mixcoach-audio-engine\datasets\synthetic\v1\mixes\synth_000051.wav;475.3;07:55;clean;5;2;;equal_power;1
synth_000051;C:\Projekte\Projekte\MixCoach\audio-engine\mixcoach-audio-engine\datasets\synthetic\v1\mixes\synth_000051.wav;725.8;12:06;train_wreck;1;1;;linear;3
synth_000051;C:\Projekte\Projekte\MixCoach\audio-engine\mixcoach-audio-engine\datasets\synthetic\v1\mixes\synth_000051.wav;976.5;16:16;clean;5;2;;s_curve;1
synth_000052;C:\Projekte\Projekte\MixCoach\audio-engine\mixcoach-audio-engine\datasets\synthetic\v1\mixes\synth_000052.wav;171.2;02:51;clean;5;2;;linear;1
synth_000052;C:\Projekte\Projekte\MixCoach\audio-engine\mixcoach-audio-engine\datasets\synthetic\v1\mixes\synth_000052.wav;250.0;04:10;clean;5;1;;equal_power;1
synth_000052;C:\Projekte\Projekte\MixCoach\audio-engine\mixcoach-audio-engine\datasets\synthetic\v1\mixes\synth_000052.wav;456.4;07:36;train_wreck;1;1;;linear;5
synth_000052;C:\Projekte\Projekte\MixCoach\audio-engine\mixcoach-audio-engine\datasets\synthetic\v1\mixes\synth_000052.wav;551.5;09:12;off_beat;2;2;;exponential;5
synth_000052;C:\Projekte\Projekte\MixCoach\audio-engine\mixcoach-audio-engine\datasets\synthetic\v1\mixes\synth_000052.wav;638.4;10:38;train_wreck;1;1;;linear;4
synth_000053;C:\Projekte\Projekte\MixCoach\audio-engine\mixcoach-audio-engine\datasets\synthetic\v1\mixes\synth_000053.wav;253.9;04:14;off_beat;3;2;;linear;2
synth_000053;C:\Projekte\Projekte\MixCoach\audio-engine\mixcoach-audio-engine\datasets\synthetic\v1\mixes\synth_000053.wav;389.3;06:29;clean;5;1;;equal_power;1
synth_000053;C:\Projekte\Projekte\MixCoach\audio-engine\mixcoach-audio-engine\datasets\synthetic\v1\mixes\synth_000053.wav;620.5;10:21;clean;5;2;;equal_power;0
synth_000053;C:\Projekte\Projekte\MixCoach\audio-engine\mixcoach-audio-engine\datasets\synthetic\v1\mixes\synth_000053.wav;879.6;14:40;key_clash;1;2;;s_curve;5
synth_000053;C:\Projekte\Projekte\MixCoach\audio-engine\mixcoach-audio-engine\datasets\synthetic\v1\mixes\synth_000053.wav;1118.3;18:38;off_phrase;2;1;;s_curve;2
synth_000054;C:\Projekte\Projekte\MixCoach\audio-engine\mixcoach-audio-engine\datasets\synthetic\v1\mixes\synth_000054.wav;106.2;01:46;clean;5;1;;s_curve;1
synth_000054;C:\Projekte\Projekte\MixCoach\audio-engine\mixcoach-audio-engine\datasets\synthetic\v1\mixes\synth_000054.wav;332.4;05:32;off_phrase;2;1;;linear;5
synth_000054;C:\Projekte\Projekte\MixCoach\audio-engine\mixcoach-audio-engine\datasets\synthetic\v1\mixes\synth_000054.wav;549.9;09:10;train_wreck;1;1;;linear;5
synth_000054;C:\Projekte\Projekte\MixCoach\audio-engine\mixcoach-audio-engine\datasets\synthetic\v1\mixes\synth_000054.wav;788.3;13:08;clean;5;1;;s_curve;0
synth_000054;C:\Projekte\Projekte\MixCoach\audio-engine\mixcoach-audio-engine\datasets\synthetic\v1\mixes\synth_000054.wav;935.9;15:36;clean;5;2;;equal_power;0
synth_000055;C:\Projekte\Projekte\MixCoach\audio-engine\mixcoach-audio-engine\datasets\synthetic\v1\mixes\synth_000055.wav;245.0;04:05;clean;5;2;;equal_power;1
synth_000055;C:\Projekte\Projekte\MixCoach\audio-engine\mixcoach-audio-engine\datasets\synthetic\v1\mixes\synth_000055.wav;501.8;08:22;key_clash;2;1;;linear;3
synth_000055;C:\Projekte\Projekte\MixCoach\audio-engine\mixcoach-audio-engine\datasets\synthetic\v1\mixes\synth_000055.wav;738.6;12:19;off_phrase;3;2;;linear;4
synth_000056;C:\Projekte\Projekte\MixCoach\audio-engine\mixcoach-audio-engine\datasets\synthetic\v1\mixes\synth_000056.wav;237.2;03:57;train_wreck;1;2;;linear;4
synth_000056;C:\Projekte\Projekte\MixCoach\audio-engine\mixcoach-audio-engine\datasets\synthetic\v1\mixes\synth_000056.wav;393.4;06:33;off_phrase;3;2;;equal_power;6
synth_000056;C:\Projekte\Projekte\MixCoach\audio-engine\mixcoach-audio-engine\datasets\synthetic\v1\mixes\synth_000056.wav;641.3;10:41;key_clash;1;1;;equal_power;7
synth_000057;C:\Projekte\Projekte\MixCoach\audio-engine\mixcoach-audio-engine\datasets\synthetic\v1\mixes\synth_000057.wav;249.4;04:09;clean;5;2;;s_curve;0
synth_000057;C:\Projekte\Projekte\MixCoach\audio-engine\mixcoach-audio-engine\datasets\synthetic\v1\mixes\synth_000057.wav;497.9;08:18;clean;5;1;;equal_power;0
synth_000057;C:\Projekte\Projekte\MixCoach\audio-engine\mixcoach-audio-engine\datasets\synthetic\v1\mixes\synth_000057.wav;752.6;12:33;train_wreck;1;1;;exponential;3
synth_000057;C:\Projekte\Projekte\MixCoach\audio-engine\mixcoach-audio-engine\datasets\synthetic\v1\mixes\synth_000057.wav;980.3;16:20;key_clash;2;2;;equal_power;3
synth_000058;C:\Projekte\Projekte\MixCoach\audio-engine\mixcoach-audio-engine\datasets\synthetic\v1\mixes\synth_000058.wav;96.4;01:36;clean;5;2;;linear;0
synth_000058;C:\Projekte\Projekte\MixCoach\audio-engine\mixcoach-audio-engine\datasets\synthetic\v1\mixes\synth_000058.wav;348.1;05:48;off_beat;2;2;;linear;3
synth_000058;C:\Projekte\Projekte\MixCoach\audio-engine\mixcoach-audio-engine\datasets\synthetic\v1\mixes\synth_000058.wav;588.1;09:48;clean;5;1;;s_curve;1
synth_000058;C:\Projekte\Projekte\MixCoach\audio-engine\mixcoach-audio-engine\datasets\synthetic\v1\mixes\synth_000058.wav;843.9;14:04;clean;5;1;;linear;0
synth_000059;C:\Projekte\Projekte\MixCoach\audio-engine\mixcoach-audio-engine\datasets\synthetic\v1\mixes\synth_000059.wav;248.5;04:08;off_beat;3;1;;linear;5
synth_000059;C:\Projekte\Projekte\MixCoach\audio-engine\mixcoach-audio-engine\datasets\synthetic\v1\mixes\synth_000059.wav;355.0;05:55;clean;5;1;;linear;0
synth_000059;C:\Projekte\Projekte\MixCoach\audio-engine\mixcoach-audio-engine\datasets\synthetic\v1\mixes\synth_000059.wav;542.1;09:02;clean;5;1;;equal_power;0
synth_000059;C:\Projekte\Projekte\MixCoach\audio-engine\mixcoach-audio-engine\datasets\synthetic\v1\mixes\synth_000059.wav;737.8;12:18;clean;5;2;;equal_power;1
synth_000059;C:\Projekte\Projekte\MixCoach\audio-engine\mixcoach-audio-engine\datasets\synthetic\v1\mixes\synth_000059.wav;846.9;14:07;off_beat;3;2;;exponential;0
synth_000060;C:\Projekte\Projekte\MixCoach\audio-engine\mixcoach-audio-engine\datasets\synthetic\v1\mixes\synth_000060.wav;249.5;04:09;off_beat;2;1;;exponential;2
synth_000060;C:\Projekte\Projekte\MixCoach\audio-engine\mixcoach-audio-engine\datasets\synthetic\v1\mixes\synth_000060.wav;506.4;08:26;clean;5;2;;s_curve;1
synth_000060;C:\Projekte\Projekte\MixCoach\audio-engine\mixcoach-audio-engine\datasets\synthetic\v1\mixes\synth_000060.wav;739.5;12:20;off_phrase;2;2;;linear;4
synth_000061;C:\Projekte\Projekte\MixCoach\audio-engine\mixcoach-audio-engine\datasets\synthetic\v1\mixes\synth_000061.wav;250.7;04:11;clean;5;2;;s_curve;1
synth_000061;C:\Projekte\Projekte\MixCoach\audio-engine\mixcoach-audio-engine\datasets\synthetic\v1\mixes\synth_000061.wav;311.3;05:11;clean;5;1;;equal_power;0
synth_000061;C:\Projekte\Projekte\MixCoach\audio-engine\mixcoach-audio-engine\datasets\synthetic\v1\mixes\synth_000061.wav;556.0;09:16;key_clash;1;2;;linear;5
synth_000061;C:\Projekte\Projekte\MixCoach\audio-engine\mixcoach-audio-engine\datasets\synthetic\v1\mixes\synth_000061.wav;794.7;13:15;off_phrase;2;1;;equal_power;1
synth_000062;C:\Projekte\Projekte\MixCoach\audio-engine\mixcoach-audio-engine\datasets\synthetic\v1\mixes\synth_000062.wav;252.9;04:13;off_phrase;3;2;;equal_power;3
synth_000062;C:\Projekte\Projekte\MixCoach\audio-engine\mixcoach-audio-engine\datasets\synthetic\v1\mixes\synth_000062.wav;498.3;08:18;train_wreck;1;1;;equal_power;7
synth_000062;C:\Projekte\Projekte\MixCoach\audio-engine\mixcoach-audio-engine\datasets\synthetic\v1\mixes\synth_000062.wav;756.7;12:37;off_beat;3;1;;equal_power;4
synth_000062;C:\Projekte\Projekte\MixCoach\audio-engine\mixcoach-audio-engine\datasets\synthetic\v1\mixes\synth_000062.wav;963.5;16:03;clean;5;1;;s_curve;1
synth_000062;C:\Projekte\Projekte\MixCoach\audio-engine\mixcoach-audio-engine\datasets\synthetic\v1\mixes\synth_000062.wav;1198.1;19:58;off_beat;3;1;;exponential;3
synth_000063;C:\Projekte\Projekte\MixCoach\audio-engine\mixcoach-audio-engine\datasets\synthetic\v1\mixes\synth_000063.wav;250.1;04:10;clean;5;1;;s_curve;1
synth_000063;C:\Projekte\Projekte\MixCoach\audio-engine\mixcoach-audio-engine\datasets\synthetic\v1\mixes\synth_000063.wav;421.1;07:01;key_clash;1;2;;equal_power;6
synth_000063;C:\Projekte\Projekte\MixCoach\audio-engine\mixcoach-audio-engine\datasets\synthetic\v1\mixes\synth_000063.wav;672.7;11:13;abrupt;2;2;;linear;6
synth_000063;C:\Projekte\Projekte\MixCoach\audio-engine\mixcoach-audio-engine\datasets\synthetic\v1\mixes\synth_000063.wav;887.2;14:47;clean;5;1;;equal_power;1
synth_000064;C:\Projekte\Projekte\MixCoach\audio-engine\mixcoach-audio-engine\datasets\synthetic\v1\mixes\synth_000064.wav;104.7;01:45;abrupt;2;2;;linear;5
synth_000064;C:\Projekte\Projekte\MixCoach\audio-engine\mixcoach-audio-engine\datasets\synthetic\v1\mixes\synth_000064.wav;352.0;05:52;clean;5;2;;s_curve;1
synth_000064;C:\Projekte\Projekte\MixCoach\audio-engine\mixcoach-audio-engine\datasets\synthetic\v1\mixes\synth_000064.wav;600.4;10:00;clean;5;2;;s_curve;1
synth_000064;C:\Projekte\Projekte\MixCoach\audio-engine\mixcoach-audio-engine\datasets\synthetic\v1\mixes\synth_000064.wav;856.6;14:17;off_beat;3;1;;s_curve;2
synth_000065;C:\Projekte\Projekte\MixCoach\audio-engine\mixcoach-audio-engine\datasets\synthetic\v1\mixes\synth_000065.wav;134.5;02:14;clean;5;2;;s_curve;1
synth_000065;C:\Projekte\Projekte\MixCoach\audio-engine\mixcoach-audio-engine\datasets\synthetic\v1\mixes\synth_000065.wav;358.2;05:58;off_beat;2;2;;exponential;2
synth_000065;C:\Projekte\Projekte\MixCoach\audio-engine\mixcoach-audio-engine\datasets\synthetic\v1\mixes\synth_000065.wav;584.2;09:44;abrupt;2;1;;linear;1
synth_000066;C:\Projekte\Projekte\MixCoach\audio-engine\mixcoach-audio-engine\datasets\synthetic\v1\mixes\synth_000066.wav;247.6;04:08;off_beat;2;1;;linear;4
synth_000066;C:\Projekte\Projekte\MixCoach\audio-engine\mixcoach-audio-engine\datasets\synthetic\v1\mixes\synth_000066.wav;473.9;07:54;clean;5;2;;linear;1
synth_000066;C:\Projekte\Projekte\MixCoach\audio-engine\mixcoach-audio-engine\datasets\synthetic\v1\mixes\synth_000066.wav;723.4;12:03;abrupt;2;1;;linear;1
synth_000066;C:\Projekte\Projekte\MixCoach\audio-engine\mixcoach-audio-engine\datasets\synthetic\v1\mixes\synth_000066.wav;957.7;15:58;clean;5;2;;s_curve;0
synth_000067;C:\Projekte\Projekte\MixCoach\audio-engine\mixcoach-audio-engine\datasets\synthetic\v1\mixes\synth_000067.wav;180.6;03:01;off_phrase;3;1;;exponential;2
synth_000067;C:\Projekte\Projekte\MixCoach\audio-engine\mixcoach-audio-engine\datasets\synthetic\v1\mixes\synth_000067.wav;431.4;07:11;clean;5;2;;equal_power;1
synth_000067;C:\Projekte\Projekte\MixCoach\audio-engine\mixcoach-audio-engine\datasets\synthetic\v1\mixes\synth_000067.wav;668.6;11:09;clean;5;2;;s_curve;1
synth_000067;C:\Projekte\Projekte\MixCoach\audio-engine\mixcoach-audio-engine\datasets\synthetic\v1\mixes\synth_000067.wav;916.4;15:16;abrupt;2;1;;linear;3
synth_000067;C:\Projekte\Projekte\MixCoach\audio-engine\mixcoach-audio-engine\datasets\synthetic\v1\mixes\synth_000067.wav;1156.9;19:17;key_clash;2;1;;linear;3
synth_000069;C:\Projekte\Projekte\MixCoach\audio-engine\mixcoach-audio-engine\datasets\synthetic\v1\mixes\synth_000069.wav;238.2;03:58;key_clash;2;1;;equal_power;4
synth_000069;C:\Projekte\Projekte\MixCoach\audio-engine\mixcoach-audio-engine\datasets\synthetic\v1\mixes\synth_000069.wav;350.6;05:51;clean;5;1;;linear;1
synth_000069;C:\Projekte\Projekte\MixCoach\audio-engine\mixcoach-audio-engine\datasets\synthetic\v1\mixes\synth_000069.wav;599.3;09:59;abrupt;2;1;;linear;5
synth_000069;C:\Projekte\Projekte\MixCoach\audio-engine\mixcoach-audio-engine\datasets\synthetic\v1\mixes\synth_000069.wav;836.8;13:57;clean;5;2;;s_curve;1
synth_000070;C:\Projekte\Projekte\MixCoach\audio-engine\mixcoach-audio-engine\datasets\synthetic\v1\mixes\synth_000070.wav;245.8;04:06;clean;5;2;;s_curve;0
synth_000070;C:\Projekte\Projekte\MixCoach\audio-engine\mixcoach-audio-engine\datasets\synthetic\v1\mixes\synth_000070.wav;481.2;08:01;train_wreck;1;1;;equal_power;3
synth_000070;C:\Projekte\Projekte\MixCoach\audio-engine\mixcoach-audio-engine\datasets\synthetic\v1\mixes\synth_000070.wav;723.3;12:03;train_wreck;1;2;;s_curve;5
synth_000070;C:\Projekte\Projekte\MixCoach\audio-engine\mixcoach-audio-engine\datasets\synthetic\v1\mixes\synth_000070.wav;977.8;16:18;train_wreck;1;2;;equal_power;5
synth_000071;C:\Projekte\Projekte\MixCoach\audio-engine\mixcoach-audio-engine\datasets\synthetic\v1\mixes\synth_000071.wav;245.2;04:05;clean;5;2;;s_curve;1
synth_000071;C:\Projekte\Projekte\MixCoach\audio-engine\mixcoach-audio-engine\datasets\synthetic\v1\mixes\synth_000071.wav;483.7;08:04;clean;5;1;;linear;1
synth_000071;C:\Projekte\Projekte\MixCoach\audio-engine\mixcoach-audio-engine\datasets\synthetic\v1\mixes\synth_000071.wav;723.5;12:04;off_phrase;3;2;;exponential;1
synth_000072;C:\Projekte\Projekte\MixCoach\audio-engine\mixcoach-audio-engine\datasets\synthetic\v1\mixes\synth_000072.wav;246.2;04:06;clean;5;1;;s_curve;0
synth_000072;C:\Projekte\Projekte\MixCoach\audio-engine\mixcoach-audio-engine\datasets\synthetic\v1\mixes\synth_000072.wav;479.7;08:00;key_clash;1;1;;s_curve;5
synth_000072;C:\Projekte\Projekte\MixCoach\audio-engine\mixcoach-audio-engine\datasets\synthetic\v1\mixes\synth_000072.wav;714.6;11:55;clean;5;2;;linear;0
synth_000072;C:\Projekte\Projekte\MixCoach\audio-engine\mixcoach-audio-engine\datasets\synthetic\v1\mixes\synth_000072.wav;960.8;16:01;key_clash;2;2;;exponential;3
synth_000073;C:\Projekte\Projekte\MixCoach\audio-engine\mixcoach-audio-engine\datasets\synthetic\v1\mixes\synth_000073.wav;183.0;03:03;clean;5;2;;linear;1
synth_000073;C:\Projekte\Projekte\MixCoach\audio-engine\mixcoach-audio-engine\datasets\synthetic\v1\mixes\synth_000073.wav;423.4;07:03;off_beat;2;1;;s_curve;5
synth_000073;C:\Projekte\Projekte\MixCoach\audio-engine\mixcoach-audio-engine\datasets\synthetic\v1\mixes\synth_000073.wav;600.9;10:01;clean;5;1;;s_curve;0
synth_000074;C:\Projekte\Projekte\MixCoach\audio-engine\mixcoach-audio-engine\datasets\synthetic\v1\mixes\synth_000074.wav;227.8;03:48;key_clash;2;1;;equal_power;3
synth_000074;C:\Projekte\Projekte\MixCoach\audio-engine\mixcoach-audio-engine\datasets\synthetic\v1\mixes\synth_000074.wav;464.4;07:44;clean;5;1;;linear;1
synth_000074;C:\Projekte\Projekte\MixCoach\audio-engine\mixcoach-audio-engine\datasets\synthetic\v1\mixes\synth_000074.wav;734.3;12:14;clean;5;1;;linear;1
synth_000074;C:\Projekte\Projekte\MixCoach\audio-engine\mixcoach-audio-engine\datasets\synthetic\v1\mixes\synth_000074.wav;987.8;16:28;clean;5;2;;s_curve;1
synth_000074;C:\Projekte\Projekte\MixCoach\audio-engine\mixcoach-audio-engine\datasets\synthetic\v1\mixes\synth_000074.wav;1212.2;20:12;clean;5;2;;equal_power;0
synth_000075;C:\Projekte\Projekte\MixCoach\audio-engine\mixcoach-audio-engine\datasets\synthetic\v1\mixes\synth_000075.wav;142.3;02:22;clean;5;1;;s_curve;1
synth_000075;C:\Projekte\Projekte\MixCoach\audio-engine\mixcoach-audio-engine\datasets\synthetic\v1\mixes\synth_000075.wav;148.5;02:28;off_beat;3;2;;equal_power;2
synth_000075;C:\Projekte\Projekte\MixCoach\audio-engine\mixcoach-audio-engine\datasets\synthetic\v1\mixes\synth_000075.wav;372.9;06:13;clean;5;2;;s_curve;1
synth_000076;C:\Projekte\Projekte\MixCoach\audio-engine\mixcoach-audio-engine\datasets\synthetic\v1\mixes\synth_000076.wav;223.6;03:44;clean;5;2;;linear;1
synth_000076;C:\Projekte\Projekte\MixCoach\audio-engine\mixcoach-audio-engine\datasets\synthetic\v1\mixes\synth_000076.wav;440.8;07:21;key_clash;2;1;;exponential;4
synth_000076;C:\Projekte\Projekte\MixCoach\audio-engine\mixcoach-audio-engine\datasets\synthetic\v1\mixes\synth_000076.wav;567.4;09:27;key_clash;1;2;;equal_power;5
synth_000076;C:\Projekte\Projekte\MixCoach\audio-engine\mixcoach-audio-engine\datasets\synthetic\v1\mixes\synth_000076.wav;756.5;12:36;clean;5;1;;equal_power;1
synth_000076;C:\Projekte\Projekte\MixCoach\audio-engine\mixcoach-audio-engine\datasets\synthetic\v1\mixes\synth_000076.wav;917.1;15:17;clean;5;2;;linear;1
synth_000078;C:\Projekte\Projekte\MixCoach\audio-engine\mixcoach-audio-engine\datasets\synthetic\v1\mixes\synth_000078.wav;245.3;04:05;clean;5;1;;equal_power;1
synth_000078;C:\Projekte\Projekte\MixCoach\audio-engine\mixcoach-audio-engine\datasets\synthetic\v1\mixes\synth_000078.wav;496.6;08:17;off_phrase;2;1;;linear;4
synth_000078;C:\Projekte\Projekte\MixCoach\audio-engine\mixcoach-audio-engine\datasets\synthetic\v1\mixes\synth_000078.wav;744.7;12:25;off_phrase;2;1;;linear;0
synth_000078;C:\Projekte\Projekte\MixCoach\audio-engine\mixcoach-audio-engine\datasets\synthetic\v1\mixes\synth_000078.wav;994.6;16:35;clean;5;2;;s_curve;0
synth_000079;C:\Projekte\Projekte\MixCoach\audio-engine\mixcoach-audio-engine\datasets\synthetic\v1\mixes\synth_000079.wav;246.2;04:06;clean;5;1;;s_curve;1
synth_000079;C:\Projekte\Projekte\MixCoach\audio-engine\mixcoach-audio-engine\datasets\synthetic\v1\mixes\synth_000079.wav;476.4;07:56;clean;5;1;;s_curve;1
synth_000079;C:\Projekte\Projekte\MixCoach\audio-engine\mixcoach-audio-engine\datasets\synthetic\v1\mixes\synth_000079.wav;701.8;11:42;clean;5;2;;equal_power;1
synth_000079;C:\Projekte\Projekte\MixCoach\audio-engine\mixcoach-audio-engine\datasets\synthetic\v1\mixes\synth_000079.wav;887.5;14:47;clean;5;1;;linear;0
synth_000080;C:\Projekte\Projekte\MixCoach\audio-engine\mixcoach-audio-engine\datasets\synthetic\v1\mixes\synth_000080.wav;259.0;04:19;abrupt;2;2;;linear;2
synth_000080;C:\Projekte\Projekte\MixCoach\audio-engine\mixcoach-audio-engine\datasets\synthetic\v1\mixes\synth_000080.wav;498.7;08:19;clean;5;1;;equal_power;1
synth_000080;C:\Projekte\Projekte\MixCoach\audio-engine\mixcoach-audio-engine\datasets\synthetic\v1\mixes\synth_000080.wav;726.4;12:06;off_phrase;3;2;;linear;4
synth_000080;C:\Projekte\Projekte\MixCoach\audio-engine\mixcoach-audio-engine\datasets\synthetic\v1\mixes\synth_000080.wav;937.0;15:37;clean;5;2;;s_curve;1
synth_000081;C:\Projekte\Projekte\MixCoach\audio-engine\mixcoach-audio-engine\datasets\synthetic\v1\mixes\synth_000081.wav;259.8;04:20;abrupt;2;1;;linear;3
synth_000081;C:\Projekte\Projekte\MixCoach\audio-engine\mixcoach-audio-engine\datasets\synthetic\v1\mixes\synth_000081.wav;497.1;08:17;clean;5;1;;linear;0
synth_000081;C:\Projekte\Projekte\MixCoach\audio-engine\mixcoach-audio-engine\datasets\synthetic\v1\mixes\synth_000081.wav;736.9;12:17;key_clash;1;1;;exponential;7
synth_000081;C:\Projekte\Projekte\MixCoach\audio-engine\mixcoach-audio-engine\datasets\synthetic\v1\mixes\synth_000081.wav;962.7;16:03;clean;5;1;;linear;1
synth_000083;C:\Projekte\Projekte\MixCoach\audio-engine\mixcoach-audio-engine\datasets\synthetic\v1\mixes\synth_000083.wav;250.8;04:11;clean;5;1;;equal_power;1
synth_000083;C:\Projekte\Projekte\MixCoach\audio-engine\mixcoach-audio-engine\datasets\synthetic\v1\mixes\synth_000083.wav;481.3;08:01;clean;5;2;;s_curve;0
synth_000083;C:\Projekte\Projekte\MixCoach\audio-engine\mixcoach-audio-engine\datasets\synthetic\v1\mixes\synth_000083.wav;721.8;12:02;clean;5;2;;linear;0
synth_000083;C:\Projekte\Projekte\MixCoach\audio-engine\mixcoach-audio-engine\datasets\synthetic\v1\mixes\synth_000083.wav;875.6;14:36;clean;5;1;;equal_power;0
synth_000083;C:\Projekte\Projekte\MixCoach\audio-engine\mixcoach-audio-engine\datasets\synthetic\v1\mixes\synth_000083.wav;1114.7;18:35;key_clash;2;2;;equal_power;3
synth_000084;C:\Projekte\Projekte\MixCoach\audio-engine\mixcoach-audio-engine\datasets\synthetic\v1\mixes\synth_000084.wav;236.2;03:56;clean;5;2;;linear;1
synth_000084;C:\Projekte\Projekte\MixCoach\audio-engine\mixcoach-audio-engine\datasets\synthetic\v1\mixes\synth_000084.wav;472.0;07:52;key_clash;2;2;;linear;4
synth_000084;C:\Projekte\Projekte\MixCoach\audio-engine\mixcoach-audio-engine\datasets\synthetic\v1\mixes\synth_000084.wav;725.1;12:05;clean;5;1;;equal_power;1
synth_000085;C:\Projekte\Projekte\MixCoach\audio-engine\mixcoach-audio-engine\datasets\synthetic\v1\mixes\synth_000085.wav;242.5;04:02;off_beat;2;2;;s_curve;6
synth_000085;C:\Projekte\Projekte\MixCoach\audio-engine\mixcoach-audio-engine\datasets\synthetic\v1\mixes\synth_000085.wav;500.2;08:20;abrupt;2;1;;linear;6
synth_000085;C:\Projekte\Projekte\MixCoach\audio-engine\mixcoach-audio-engine\datasets\synthetic\v1\mixes\synth_000085.wav;725.0;12:05;clean;5;1;;s_curve;1
synth_000086;C:\Projekte\Projekte\MixCoach\audio-engine\mixcoach-audio-engine\datasets\synthetic\v1\mixes\synth_000086.wav;254.5;04:15;clean;5;2;;equal_power;1
synth_000086;C:\Projekte\Projekte\MixCoach\audio-engine\mixcoach-audio-engine\datasets\synthetic\v1\mixes\synth_000086.wav;482.0;08:02;off_beat;3;2;;equal_power;2
synth_000086;C:\Projekte\Projekte\MixCoach\audio-engine\mixcoach-audio-engine\datasets\synthetic\v1\mixes\synth_000086.wav;732.1;12:12;off_phrase;3;2;;equal_power;4
synth_000086;C:\Projekte\Projekte\MixCoach\audio-engine\mixcoach-audio-engine\datasets\synthetic\v1\mixes\synth_000086.wav;962.4;16:02;clean;5;1;;s_curve;0
synth_000088;C:\Projekte\Projekte\MixCoach\audio-engine\mixcoach-audio-engine\datasets\synthetic\v1\mixes\synth_000088.wav;244.7;04:05;key_clash;2;1;;equal_power;4
synth_000088;C:\Projekte\Projekte\MixCoach\audio-engine\mixcoach-audio-engine\datasets\synthetic\v1\mixes\synth_000088.wav;483.7;08:04;off_beat;2;1;;s_curve;0
synth_000088;C:\Projekte\Projekte\MixCoach\audio-engine\mixcoach-audio-engine\datasets\synthetic\v1\mixes\synth_000088.wav;712.7;11:53;key_clash;2;1;;equal_power;4
synth_000088;C:\Projekte\Projekte\MixCoach\audio-engine\mixcoach-audio-engine\datasets\synthetic\v1\mixes\synth_000088.wav;954.0;15:54;clean;5;1;;s_curve;0
synth_000089;C:\Projekte\Projekte\MixCoach\audio-engine\mixcoach-audio-engine\datasets\synthetic\v1\mixes\synth_000089.wav;253.2;04:13;train_wreck;1;2;;linear;5
synth_000089;C:\Projekte\Projekte\MixCoach\audio-engine\mixcoach-audio-engine\datasets\synthetic\v1\mixes\synth_000089.wav;491.8;08:12;off_phrase;2;2;;linear;2
synth_000089;C:\Projekte\Projekte\MixCoach\audio-engine\mixcoach-audio-engine\datasets\synthetic\v1\mixes\synth_000089.wav;731.6;12:12;off_beat;3;1;;s_curve;6
synth_000089;C:\Projekte\Projekte\MixCoach\audio-engine\mixcoach-audio-engine\datasets\synthetic\v1\mixes\synth_000089.wav;967.9;16:08;clean;5;2;;linear;1
synth_000091;C:\Projekte\Projekte\MixCoach\audio-engine\mixcoach-audio-engine\datasets\synthetic\v1\mixes\synth_000091.wav;252.4;04:12;clean;5;2;;equal_power;1
synth_000091;C:\Projekte\Projekte\MixCoach\audio-engine\mixcoach-audio-engine\datasets\synthetic\v1\mixes\synth_000091.wav;518.1;08:38;clean;5;1;;s_curve;1
synth_000091;C:\Projekte\Projekte\MixCoach\audio-engine\mixcoach-audio-engine\datasets\synthetic\v1\mixes\synth_000091.wav;730.4;12:10;train_wreck;1;1;;s_curve;6
synth_000091;C:\Projekte\Projekte\MixCoach\audio-engine\mixcoach-audio-engine\datasets\synthetic\v1\mixes\synth_000091.wav;986.0;16:26;clean;5;2;;linear;1
synth_000091;C:\Projekte\Projekte\MixCoach\audio-engine\mixcoach-audio-engine\datasets\synthetic\v1\mixes\synth_000091.wav;1205.0;20:05;clean;5;1;;equal_power;1
synth_000093;C:\Projekte\Projekte\MixCoach\audio-engine\mixcoach-audio-engine\datasets\synthetic\v1\mixes\synth_000093.wav;253.7;04:14;clean;5;2;;equal_power;1
synth_000093;C:\Projekte\Projekte\MixCoach\audio-engine\mixcoach-audio-engine\datasets\synthetic\v1\mixes\synth_000093.wav;483.4;08:03;clean;5;1;;linear;1
synth_000093;C:\Projekte\Projekte\MixCoach\audio-engine\mixcoach-audio-engine\datasets\synthetic\v1\mixes\synth_000093.wav;731.9;12:12;clean;5;2;;equal_power;1
synth_000093;C:\Projekte\Projekte\MixCoach\audio-engine\mixcoach-audio-engine\datasets\synthetic\v1\mixes\synth_000093.wav;978.4;16:18;clean;5;2;;s_curve;1
synth_000093;C:\Projekte\Projekte\MixCoach\audio-engine\mixcoach-audio-engine\datasets\synthetic\v1\mixes\synth_000093.wav;1196.7;19:57;off_beat;2;1;;equal_power;2
synth_000094;C:\Projekte\Projekte\MixCoach\audio-engine\mixcoach-audio-engine\datasets\synthetic\v1\mixes\synth_000094.wav;252.9;04:13;off_phrase;2;1;;linear;3
synth_000094;C:\Projekte\Projekte\MixCoach\audio-engine\mixcoach-audio-engine\datasets\synthetic\v1\mixes\synth_000094.wav;345.5;05:46;clean;5;1;;linear;1
synth_000094;C:\Projekte\Projekte\MixCoach\audio-engine\mixcoach-audio-engine\datasets\synthetic\v1\mixes\synth_000094.wav;574.5;09:34;train_wreck;1;1;;s_curve;3
synth_000094;C:\Projekte\Projekte\MixCoach\audio-engine\mixcoach-audio-engine\datasets\synthetic\v1\mixes\synth_000094.wav;814.6;13:35;key_clash;1;1;;linear;5
synth_000095;C:\Projekte\Projekte\MixCoach\audio-engine\mixcoach-audio-engine\datasets\synthetic\v1\mixes\synth_000095.wav;219.3;03:39;off_phrase;3;2;;equal_power;2
synth_000095;C:\Projekte\Projekte\MixCoach\audio-engine\mixcoach-audio-engine\datasets\synthetic\v1\mixes\synth_000095.wav;313.2;05:13;off_beat;3;2;;exponential;3
synth_000095;C:\Projekte\Projekte\MixCoach\audio-engine\mixcoach-audio-engine\datasets\synthetic\v1\mixes\synth_000095.wav;567.8;09:28;key_clash;2;1;;equal_power;3
synth_000096;C:\Projekte\Projekte\MixCoach\audio-engine\mixcoach-audio-engine\datasets\synthetic\v1\mixes\synth_000096.wav;247.4;04:07;abrupt;2;2;;linear;5
synth_000096;C:\Projekte\Projekte\MixCoach\audio-engine\mixcoach-audio-engine\datasets\synthetic\v1\mixes\synth_000096.wav;494.8;08:15;clean;5;2;;equal_power;1
synth_000096;C:\Projekte\Projekte\MixCoach\audio-engine\mixcoach-audio-engine\datasets\synthetic\v1\mixes\synth_000096.wav;743.4;12:23;clean;5;2;;equal_power;1
synth_000096;C:\Projekte\Projekte\MixCoach\audio-engine\mixcoach-audio-engine\datasets\synthetic\v1\mixes\synth_000096.wav;983.4;16:23;clean;5;1;;s_curve;0
synth_000096;C:\Projekte\Projekte\MixCoach\audio-engine\mixcoach-audio-engine\datasets\synthetic\v1\mixes\synth_000096.wav;1218.6;20:19;train_wreck;1;2;;linear;7
synth_000097;C:\Projekte\Projekte\MixCoach\audio-engine\mixcoach-audio-engine\datasets\synthetic\v1\mixes\synth_000097.wav;259.5;04:19;abrupt;2;1;;linear;3
synth_000097;C:\Projekte\Projekte\MixCoach\audio-engine\mixcoach-audio-engine\datasets\synthetic\v1\mixes\synth_000097.wav;496.1;08:16;key_clash;1;1;;s_curve;5
synth_000097;C:\Projekte\Projekte\MixCoach\audio-engine\mixcoach-audio-engine\datasets\synthetic\v1\mixes\synth_000097.wav;725.0;12:05;clean;5;2;;s_curve;0
synth_000098;C:\Projekte\Projekte\MixCoach\audio-engine\mixcoach-audio-engine\datasets\synthetic\v1\mixes\synth_000098.wav;255.0;04:15;off_beat;2;2;;equal_power;6
synth_000098;C:\Projekte\Projekte\MixCoach\audio-engine\mixcoach-audio-engine\datasets\synthetic\v1\mixes\synth_000098.wav;492.6;08:13;train_wreck;1;2;;exponential;3
synth_000098;C:\Projekte\Projekte\MixCoach\audio-engine\mixcoach-audio-engine\datasets\synthetic\v1\mixes\synth_000098.wav;723.5;12:03;off_phrase;2;1;;equal_power;4
synth_000099;C:\Projekte\Projekte\MixCoach\audio-engine\mixcoach-audio-engine\datasets\synthetic\v1\mixes\synth_000099.wav;219.2;03:39;clean;5;1;;s_curve;1
synth_000099;C:\Projekte\Projekte\MixCoach\audio-engine\mixcoach-audio-engine\datasets\synthetic\v1\mixes\synth_000099.wav;457.5;07:38;clean;5;1;;linear;1
synth_000099;C:\Projekte\Projekte\MixCoach\audio-engine\mixcoach-audio-engine\datasets\synthetic\v1\mixes\synth_000099.wav;659.1;10:59;abrupt;2;1;;linear;1
synth_000099;C:\Projekte\Projekte\MixCoach\audio-engine\mixcoach-audio-engine\datasets\synthetic\v1\mixes\synth_000099.wav;843.0;14:03;clean;5;1;;linear;0
synth_000099;C:\Projekte\Projekte\MixCoach\audio-engine\mixcoach-audio-engine\datasets\synthetic\v1\mixes\synth_000099.wav;1079.5;17:59;abrupt;2;2;;linear;4
synth_000100;C:\Projekte\Projekte\MixCoach\audio-engine\mixcoach-audio-engine\datasets\synthetic\v1\mixes\synth_000100.wav;146.7;02:27;clean;5;2;;equal_power;1
synth_000100;C:\Projekte\Projekte\MixCoach\audio-engine\mixcoach-audio-engine\datasets\synthetic\v1\mixes\synth_000100.wav;399.1;06:39;train_wreck;1;1;;s_curve;4
synth_000100;C:\Projekte\Projekte\MixCoach\audio-engine\mixcoach-audio-engine\datasets\synthetic\v1\mixes\synth_000100.wav;630.0;10:30;key_clash;1;2;;s_curve;5
synth_000101;C:\Projekte\Projekte\MixCoach\audio-engine\mixcoach-audio-engine\datasets\synthetic\v1\mixes\synth_000101.wav;222.1;03:42;clean;5;1;;equal_power;1
synth_000101;C:\Projekte\Projekte\MixCoach\audio-engine\mixcoach-audio-engine\datasets\synthetic\v1\mixes\synth_000101.wav;456.3;07:36;off_phrase;3;1;;s_curve;0
synth_000101;C:\Projekte\Projekte\MixCoach\audio-engine\mixcoach-audio-engine\datasets\synthetic\v1\mixes\synth_000101.wav;540.2;09:00;clean;5;2;;linear;1
synth_000101;C:\Projekte\Projekte\MixCoach\audio-engine\mixcoach-audio-engine\datasets\synthetic\v1\mixes\synth_000101.wav;781.0;13:01;clean;5;1;;linear;1
synth_000101;C:\Projekte\Projekte\MixCoach\audio-engine\mixcoach-audio-engine\datasets\synthetic\v1\mixes\synth_000101.wav;995.2;16:35;key_clash;1;2;;linear;6
synth_000102;C:\Projekte\Projekte\MixCoach\audio-engine\mixcoach-audio-engine\datasets\synthetic\v1\mixes\synth_000102.wav;239.0;03:59;clean;5;1;;linear;0
synth_000102;C:\Projekte\Projekte\MixCoach\audio-engine\mixcoach-audio-engine\datasets\synthetic\v1\mixes\synth_000102.wav;463.4;07:43;off_beat;2;2;;equal_power;3
synth_000102;C:\Projekte\Projekte\MixCoach\audio-engine\mixcoach-audio-engine\datasets\synthetic\v1\mixes\synth_000102.wav;696.0;11:36;key_clash;2;2;;exponential;3
synth_000102;C:\Projekte\Projekte\MixCoach\audio-engine\mixcoach-audio-engine\datasets\synthetic\v1\mixes\synth_000102.wav;943.0;15:43;off_phrase;2;1;;equal_power;5
synth_000103;C:\Projekte\Projekte\MixCoach\audio-engine\mixcoach-audio-engine\datasets\synthetic\v1\mixes\synth_000103.wav;245.2;04:05;train_wreck;1;1;;equal_power;4
synth_000103;C:\Projekte\Projekte\MixCoach\audio-engine\mixcoach-audio-engine\datasets\synthetic\v1\mixes\synth_000103.wav;417.0;06:57;key_clash;1;1;;linear;5
synth_000103;C:\Projekte\Projekte\MixCoach\audio-engine\mixcoach-audio-engine\datasets\synthetic\v1\mixes\synth_000103.wav;640.0;10:40;off_beat;2;1;;equal_power;0
synth_000103;C:\Projekte\Projekte\MixCoach\audio-engine\mixcoach-audio-engine\datasets\synthetic\v1\mixes\synth_000103.wav;889.3;14:49;train_wreck;1;1;;linear;4
synth_000103;C:\Projekte\Projekte\MixCoach\audio-engine\mixcoach-audio-engine\datasets\synthetic\v1\mixes\synth_000103.wav;1062.3;17:42;clean;5;2;;s_curve;0
synth_000104;C:\Projekte\Projekte\MixCoach\audio-engine\mixcoach-audio-engine\datasets\synthetic\v1\mixes\synth_000104.wav;256.7;04:17;off_phrase;3;2;;equal_power;4
synth_000104;C:\Projekte\Projekte\MixCoach\audio-engine\mixcoach-audio-engine\datasets\synthetic\v1\mixes\synth_000104.wav;399.0;06:39;clean;5;1;;equal_power;1
synth_000104;C:\Projekte\Projekte\MixCoach\audio-engine\mixcoach-audio-engine\datasets\synthetic\v1\mixes\synth_000104.wav;636.0;10:36;train_wreck;1;2;;linear;5
synth_000104;C:\Projekte\Projekte\MixCoach\audio-engine\mixcoach-audio-engine\datasets\synthetic\v1\mixes\synth_000104.wav;891.0;14:51;off_phrase;2;2;;s_curve;3
synth_000104;C:\Projekte\Projekte\MixCoach\audio-engine\mixcoach-audio-engine\datasets\synthetic\v1\mixes\synth_000104.wav;1110.2;18:30;clean;5;2;;equal_power;1
synth_000105;C:\Projekte\Projekte\MixCoach\audio-engine\mixcoach-audio-engine\datasets\synthetic\v1\mixes\synth_000105.wav;233.1;03:53;clean;5;1;;linear;1
synth_000105;C:\Projekte\Projekte\MixCoach\audio-engine\mixcoach-audio-engine\datasets\synthetic\v1\mixes\synth_000105.wav;464.0;07:44;off_beat;3;2;;equal_power;5
synth_000105;C:\Projekte\Projekte\MixCoach\audio-engine\mixcoach-audio-engine\datasets\synthetic\v1\mixes\synth_000105.wav;725.9;12:06;off_beat;3;1;;equal_power;3
synth_000105;C:\Projekte\Projekte\MixCoach\audio-engine\mixcoach-audio-engine\datasets\synthetic\v1\mixes\synth_000105.wav;956.4;15:56;clean;5;1;;linear;1
synth_000105;C:\Projekte\Projekte\MixCoach\audio-engine\mixcoach-audio-engine\datasets\synthetic\v1\mixes\synth_000105.wav;1196.0;19:56;abrupt;2;2;;linear;1
synth_000106;C:\Projekte\Projekte\MixCoach\audio-engine\mixcoach-audio-engine\datasets\synthetic\v1\mixes\synth_000106.wav;232.2;03:52;clean;5;2;;linear;0
synth_000106;C:\Projekte\Projekte\MixCoach\audio-engine\mixcoach-audio-engine\datasets\synthetic\v1\mixes\synth_000106.wav;448.3;07:28;abrupt;2;2;;linear;3
synth_000106;C:\Projekte\Projekte\MixCoach\audio-engine\mixcoach-audio-engine\datasets\synthetic\v1\mixes\synth_000106.wav;719.1;11:59;train_wreck;1;1;;linear;3
synth_000106;C:\Projekte\Projekte\MixCoach\audio-engine\mixcoach-audio-engine\datasets\synthetic\v1\mixes\synth_000106.wav;985.3;16:25;clean;5;1;;linear;0
synth_000107;C:\Projekte\Projekte\MixCoach\audio-engine\mixcoach-audio-engine\datasets\synthetic\v1\mixes\synth_000107.wav;250.0;04:10;clean;5;1;;equal_power;1
synth_000107;C:\Projekte\Projekte\MixCoach\audio-engine\mixcoach-audio-engine\datasets\synthetic\v1\mixes\synth_000107.wav;478.3;07:58;clean;5;1;;equal_power;0
synth_000107;C:\Projekte\Projekte\MixCoach\audio-engine\mixcoach-audio-engine\datasets\synthetic\v1\mixes\synth_000107.wav;709.6;11:50;abrupt;2;1;;linear;2
synth_000108;C:\Projekte\Projekte\MixCoach\audio-engine\mixcoach-audio-engine\datasets\synthetic\v1\mixes\synth_000108.wav;245.8;04:06;clean;5;2;;s_curve;0
synth_000108;C:\Projekte\Projekte\MixCoach\audio-engine\mixcoach-audio-engine\datasets\synthetic\v1\mixes\synth_000108.wav;383.7;06:24;clean;5;2;;equal_power;1
synth_000108;C:\Projekte\Projekte\MixCoach\audio-engine\mixcoach-audio-engine\datasets\synthetic\v1\mixes\synth_000108.wav;587.4;09:47;clean;5;1;;s_curve;1
synth_000109;C:\Projekte\Projekte\MixCoach\audio-engine\mixcoach-audio-engine\datasets\synthetic\v1\mixes\synth_000109.wav;255.5;04:16;train_wreck;1;2;;equal_power;5
synth_000109;C:\Projekte\Projekte\MixCoach\audio-engine\mixcoach-audio-engine\datasets\synthetic\v1\mixes\synth_000109.wav;482.1;08:02;off_beat;3;2;;linear;2
synth_000109;C:\Projekte\Projekte\MixCoach\audio-engine\mixcoach-audio-engine\datasets\synthetic\v1\mixes\synth_000109.wav;730.5;12:10;clean;5;2;;equal_power;0
synth_000110;C:\Projekte\Projekte\MixCoach\audio-engine\mixcoach-audio-engine\datasets\synthetic\v1\mixes\synth_000110.wav;255.7;04:16;train_wreck;1;1;;equal_power;3
synth_000110;C:\Projekte\Projekte\MixCoach\audio-engine\mixcoach-audio-engine\datasets\synthetic\v1\mixes\synth_000110.wav;494.1;08:14;key_clash;2;2;;linear;3
synth_000110;C:\Projekte\Projekte\MixCoach\audio-engine\mixcoach-audio-engine\datasets\synthetic\v1\mixes\synth_000110.wav;749.9;12:30;clean;5;1;;equal_power;1
synth_000111;C:\Projekte\Projekte\MixCoach\audio-engine\mixcoach-audio-engine\datasets\synthetic\v1\mixes\synth_000111.wav;238.7;03:59;key_clash;2;2;;exponential;4
synth_000111;C:\Projekte\Projekte\MixCoach\audio-engine\mixcoach-audio-engine\datasets\synthetic\v1\mixes\synth_000111.wav;467.6;07:48;clean;5;1;;equal_power;1
synth_000111;C:\Projekte\Projekte\MixCoach\audio-engine\mixcoach-audio-engine\datasets\synthetic\v1\mixes\synth_000111.wav;705.9;11:46;clean;5;1;;equal_power;1
synth_000111;C:\Projekte\Projekte\MixCoach\audio-engine\mixcoach-audio-engine\datasets\synthetic\v1\mixes\synth_000111.wav;942.6;15:43;abrupt;2;1;;linear;2
synth_000111;C:\Projekte\Projekte\MixCoach\audio-engine\mixcoach-audio-engine\datasets\synthetic\v1\mixes\synth_000111.wav;1179.7;19:40;off_phrase;2;1;;linear;3
synth_000112;C:\Projekte\Projekte\MixCoach\audio-engine\mixcoach-audio-engine\datasets\synthetic\v1\mixes\synth_000112.wav;256.4;04:16;abrupt;2;1;;linear;3
synth_000112;C:\Projekte\Projekte\MixCoach\audio-engine\mixcoach-audio-engine\datasets\synthetic\v1\mixes\synth_000112.wav;511.1;08:31;clean;5;2;;s_curve;1
synth_000112;C:\Projekte\Projekte\MixCoach\audio-engine\mixcoach-audio-engine\datasets\synthetic\v1\mixes\synth_000112.wav;772.0;12:52;train_wreck;1;2;;equal_power;3
synth_000112;C:\Projekte\Projekte\MixCoach\audio-engine\mixcoach-audio-engine\datasets\synthetic\v1\mixes\synth_000112.wav;1015.5;16:56;clean;5;1;;linear;1
synth_000112;C:\Projekte\Projekte\MixCoach\audio-engine\mixcoach-audio-engine\datasets\synthetic\v1\mixes\synth_000112.wav;1236.9;20:37;clean;5;2;;s_curve;1
synth_000113;C:\Projekte\Projekte\MixCoach\audio-engine\mixcoach-audio-engine\datasets\synthetic\v1\mixes\synth_000113.wav;181.5;03:01;abrupt;2;2;;linear;1
synth_000113;C:\Projekte\Projekte\MixCoach\audio-engine\mixcoach-audio-engine\datasets\synthetic\v1\mixes\synth_000113.wav;388.1;06:28;clean;5;2;;equal_power;0
synth_000113;C:\Projekte\Projekte\MixCoach\audio-engine\mixcoach-audio-engine\datasets\synthetic\v1\mixes\synth_000113.wav;536.4;08:56;key_clash;1;1;;exponential;5
synth_000113;C:\Projekte\Projekte\MixCoach\audio-engine\mixcoach-audio-engine\datasets\synthetic\v1\mixes\synth_000113.wav;751.8;12:32;key_clash;1;2;;s_curve;5
synth_000113;C:\Projekte\Projekte\MixCoach\audio-engine\mixcoach-audio-engine\datasets\synthetic\v1\mixes\synth_000113.wav;974.0;16:14;clean;5;2;;s_curve;0
synth_000114;C:\Projekte\Projekte\MixCoach\audio-engine\mixcoach-audio-engine\datasets\synthetic\v1\mixes\synth_000114.wav;243.0;04:03;clean;5;1;;linear;1
synth_000114;C:\Projekte\Projekte\MixCoach\audio-engine\mixcoach-audio-engine\datasets\synthetic\v1\mixes\synth_000114.wav;467.8;07:48;clean;5;1;;equal_power;1
synth_000114;C:\Projekte\Projekte\MixCoach\audio-engine\mixcoach-audio-engine\datasets\synthetic\v1\mixes\synth_000114.wav;707.7;11:48;abrupt;2;2;;linear;3
synth_000115;C:\Projekte\Projekte\MixCoach\audio-engine\mixcoach-audio-engine\datasets\synthetic\v1\mixes\synth_000115.wav;248.8;04:09;key_clash;2;1;;s_curve;4
synth_000115;C:\Projekte\Projekte\MixCoach\audio-engine\mixcoach-audio-engine\datasets\synthetic\v1\mixes\synth_000115.wav;466.5;07:46;clean;5;2;;equal_power;1
synth_000115;C:\Projekte\Projekte\MixCoach\audio-engine\mixcoach-audio-engine\datasets\synthetic\v1\mixes\synth_000115.wav;716.6;11:57;abrupt;2;1;;linear;1
synth_000115;C:\Projekte\Projekte\MixCoach\audio-engine\mixcoach-audio-engine\datasets\synthetic\v1\mixes\synth_000115.wav;902.2;15:02;clean;5;2;;s_curve;1
synth_000116;C:\Projekte\Projekte\MixCoach\audio-engine\mixcoach-audio-engine\datasets\synthetic\v1\mixes\synth_000116.wav;60.7;01:01;off_phrase;2;2;;exponential;5
synth_000116;C:\Projekte\Projekte\MixCoach\audio-engine\mixcoach-audio-engine\datasets\synthetic\v1\mixes\synth_000116.wav;288.7;04:49;off_phrase;3;1;;exponential;3
synth_000116;C:\Projekte\Projekte\MixCoach\audio-engine\mixcoach-audio-engine\datasets\synthetic\v1\mixes\synth_000116.wav;503.3;08:23;clean;5;1;;equal_power;0
synth_000116;C:\Projekte\Projekte\MixCoach\audio-engine\mixcoach-audio-engine\datasets\synthetic\v1\mixes\synth_000116.wav;744.2;12:24;clean;5;1;;linear;0
synth_000117;C:\Projekte\Projekte\MixCoach\audio-engine\mixcoach-audio-engine\datasets\synthetic\v1\mixes\synth_000117.wav;220.2;03:40;off_phrase;2;1;;exponential;2
synth_000117;C:\Projekte\Projekte\MixCoach\audio-engine\mixcoach-audio-engine\datasets\synthetic\v1\mixes\synth_000117.wav;476.5;07:56;clean;5;1;;equal_power;0
synth_000117;C:\Projekte\Projekte\MixCoach\audio-engine\mixcoach-audio-engine\datasets\synthetic\v1\mixes\synth_000117.wav;714.1;11:54;clean;5;2;;linear;1
synth_000117;C:\Projekte\Projekte\MixCoach\audio-engine\mixcoach-audio-engine\datasets\synthetic\v1\mixes\synth_000117.wav;968.0;16:08;key_clash;1;2;;linear;7
synth_000117;C:\Projekte\Projekte\MixCoach\audio-engine\mixcoach-audio-engine\datasets\synthetic\v1\mixes\synth_000117.wav;1218.6;20:19;abrupt;2;1;;linear;5
synth_000118;C:\Projekte\Projekte\MixCoach\audio-engine\mixcoach-audio-engine\datasets\synthetic\v1\mixes\synth_000118.wav;236.5;03:57;clean;5;2;;s_curve;1
synth_000118;C:\Projekte\Projekte\MixCoach\audio-engine\mixcoach-audio-engine\datasets\synthetic\v1\mixes\synth_000118.wav;461.3;07:41;train_wreck;1;2;;exponential;4
synth_000118;C:\Projekte\Projekte\MixCoach\audio-engine\mixcoach-audio-engine\datasets\synthetic\v1\mixes\synth_000118.wav;679.0;11:19;clean;5;2;;linear;1
synth_000118;C:\Projekte\Projekte\MixCoach\audio-engine\mixcoach-audio-engine\datasets\synthetic\v1\mixes\synth_000118.wav;928.6;15:29;off_beat;2;1;;s_curve;5
synth_000119;C:\Projekte\Projekte\MixCoach\audio-engine\mixcoach-audio-engine\datasets\synthetic\v1\mixes\synth_000119.wav;218.8;03:39;clean;5;2;;linear;1
synth_000119;C:\Projekte\Projekte\MixCoach\audio-engine\mixcoach-audio-engine\datasets\synthetic\v1\mixes\synth_000119.wav;452.0;07:32;abrupt;2;1;;linear;1
synth_000119;C:\Projekte\Projekte\MixCoach\audio-engine\mixcoach-audio-engine\datasets\synthetic\v1\mixes\synth_000119.wav;704.2;11:44;clean;5;1;;equal_power;1
synth_000120;C:\Projekte\Projekte\MixCoach\audio-engine\mixcoach-audio-engine\datasets\synthetic\v1\mixes\synth_000120.wav;257.3;04:17;key_clash;2;2;;s_curve;4
synth_000120;C:\Projekte\Projekte\MixCoach\audio-engine\mixcoach-audio-engine\datasets\synthetic\v1\mixes\synth_000120.wav;418.4;06:58;clean;5;2;;equal_power;0
synth_000120;C:\Projekte\Projekte\MixCoach\audio-engine\mixcoach-audio-engine\datasets\synthetic\v1\mixes\synth_000120.wav;657.5;10:58;clean;5;2;;linear;1
synth_000120;C:\Projekte\Projekte\MixCoach\audio-engine\mixcoach-audio-engine\datasets\synthetic\v1\mixes\synth_000120.wav;804.1;13:24;clean;5;1;;equal_power;0
synth_000121;C:\Projekte\Projekte\MixCoach\audio-engine\mixcoach-audio-engine\datasets\synthetic\v1\mixes\synth_000121.wav;235.4;03:55;clean;5;1;;linear;1
synth_000121;C:\Projekte\Projekte\MixCoach\audio-engine\mixcoach-audio-engine\datasets\synthetic\v1\mixes\synth_000121.wav;453.0;07:33;key_clash;1;1;;s_curve;6
synth_000121;C:\Projekte\Projekte\MixCoach\audio-engine\mixcoach-audio-engine\datasets\synthetic\v1\mixes\synth_000121.wav;687.8;11:28;key_clash;2;1;;equal_power;3
synth_000121;C:\Projekte\Projekte\MixCoach\audio-engine\mixcoach-audio-engine\datasets\synthetic\v1\mixes\synth_000121.wav;933.4;15:33;clean;5;1;;s_curve;0
synth_000122;C:\Projekte\Projekte\MixCoach\audio-engine\mixcoach-audio-engine\datasets\synthetic\v1\mixes\synth_000122.wav;255.2;04:15;key_clash;1;2;;exponential;7
synth_000122;C:\Projekte\Projekte\MixCoach\audio-engine\mixcoach-audio-engine\datasets\synthetic\v1\mixes\synth_000122.wav;324.6;05:25;clean;5;2;;s_curve;1
synth_000122;C:\Projekte\Projekte\MixCoach\audio-engine\mixcoach-audio-engine\datasets\synthetic\v1\mixes\synth_000122.wav;404.2;06:44;train_wreck;1;1;;s_curve;4
synth_000122;C:\Projekte\Projekte\MixCoach\audio-engine\mixcoach-audio-engine\datasets\synthetic\v1\mixes\synth_000122.wav;665.3;11:05;clean;5;2;;linear;1
synth_000122;C:\Projekte\Projekte\MixCoach\audio-engine\mixcoach-audio-engine\datasets\synthetic\v1\mixes\synth_000122.wav;918.1;15:18;key_clash;2;2;;linear;4
synth_000123;C:\Projekte\Projekte\MixCoach\audio-engine\mixcoach-audio-engine\datasets\synthetic\v1\mixes\synth_000123.wav;251.8;04:12;train_wreck;1;2;;s_curve;4
synth_000123;C:\Projekte\Projekte\MixCoach\audio-engine\mixcoach-audio-engine\datasets\synthetic\v1\mixes\synth_000123.wav;506.0;08:26;train_wreck;1;1;;s_curve;3
synth_000123;C:\Projekte\Projekte\MixCoach\audio-engine\mixcoach-audio-engine\datasets\synthetic\v1\mixes\synth_000123.wav;724.0;12:04;off_beat;2;2;;linear;3
synth_000124;C:\Projekte\Projekte\MixCoach\audio-engine\mixcoach-audio-engine\datasets\synthetic\v1\mixes\synth_000124.wav;254.1;04:14;train_wreck;1;1;;linear;3
synth_000124;C:\Projekte\Projekte\MixCoach\audio-engine\mixcoach-audio-engine\datasets\synthetic\v1\mixes\synth_000124.wav;508.2;08:28;clean;5;2;;equal_power;1
synth_000124;C:\Projekte\Projekte\MixCoach\audio-engine\mixcoach-audio-engine\datasets\synthetic\v1\mixes\synth_000124.wav;757.8;12:38;clean;5;1;;linear;0
synth_000124;C:\Projekte\Projekte\MixCoach\audio-engine\mixcoach-audio-engine\datasets\synthetic\v1\mixes\synth_000124.wav;1013.1;16:53;abrupt;2;1;;linear;1
synth_000124;C:\Projekte\Projekte\MixCoach\audio-engine\mixcoach-audio-engine\datasets\synthetic\v1\mixes\synth_000124.wav;1119.9;18:40;abrupt;2;1;;linear;2
synth_000125;C:\Projekte\Projekte\MixCoach\audio-engine\mixcoach-audio-engine\datasets\synthetic\v1\mixes\synth_000125.wav;249.6;04:10;clean;5;2;;equal_power;1
synth_000125;C:\Projekte\Projekte\MixCoach\audio-engine\mixcoach-audio-engine\datasets\synthetic\v1\mixes\synth_000125.wav;495.4;08:15;key_clash;2;1;;equal_power;3
synth_000125;C:\Projekte\Projekte\MixCoach\audio-engine\mixcoach-audio-engine\datasets\synthetic\v1\mixes\synth_000125.wav;558.5;09:19;clean;5;1;;equal_power;1
synth_000125;C:\Projekte\Projekte\MixCoach\audio-engine\mixcoach-audio-engine\datasets\synthetic\v1\mixes\synth_000125.wav;823.9;13:44;clean;5;2;;s_curve;0
synth_000126;C:\Projekte\Projekte\MixCoach\audio-engine\mixcoach-audio-engine\datasets\synthetic\v1\mixes\synth_000126.wav;250.2;04:10;clean;5;1;;equal_power;0
synth_000126;C:\Projekte\Projekte\MixCoach\audio-engine\mixcoach-audio-engine\datasets\synthetic\v1\mixes\synth_000126.wav;465.0;07:45;clean;5;2;;linear;0
synth_000126;C:\Projekte\Projekte\MixCoach\audio-engine\mixcoach-audio-engine\datasets\synthetic\v1\mixes\synth_000126.wav;702.5;11:42;clean;5;1;;equal_power;1
synth_000126;C:\Projekte\Projekte\MixCoach\audio-engine\mixcoach-audio-engine\datasets\synthetic\v1\mixes\synth_000126.wav;965.0;16:05;abrupt;2;2;;linear;3
synth_000127;C:\Projekte\Projekte\MixCoach\audio-engine\mixcoach-audio-engine\datasets\synthetic\v1\mixes\synth_000127.wav;234.9;03:55;clean;5;2;;equal_power;1
synth_000127;C:\Projekte\Projekte\MixCoach\audio-engine\mixcoach-audio-engine\datasets\synthetic\v1\mixes\synth_000127.wav;376.0;06:16;key_clash;2;1;;exponential;4
synth_000127;C:\Projekte\Projekte\MixCoach\audio-engine\mixcoach-audio-engine\datasets\synthetic\v1\mixes\synth_000127.wav;553.7;09:14;clean;5;1;;equal_power;0
synth_000127;C:\Projekte\Projekte\MixCoach\audio-engine\mixcoach-audio-engine\datasets\synthetic\v1\mixes\synth_000127.wav;723.6;12:04;off_beat;2;1;;exponential;5
synth_000127;C:\Projekte\Projekte\MixCoach\audio-engine\mixcoach-audio-engine\datasets\synthetic\v1\mixes\synth_000127.wav;950.0;15:50;off_phrase;3;1;;equal_power;6
synth_000128;C:\Projekte\Projekte\MixCoach\audio-engine\mixcoach-audio-engine\datasets\synthetic\v1\mixes\synth_000128.wav;257.5;04:18;clean;5;1;;s_curve;0
synth_000128;C:\Projekte\Projekte\MixCoach\audio-engine\mixcoach-audio-engine\datasets\synthetic\v1\mixes\synth_000128.wav;521.8;08:42;abrupt;2;2;;linear;4
synth_000128;C:\Projekte\Projekte\MixCoach\audio-engine\mixcoach-audio-engine\datasets\synthetic\v1\mixes\synth_000128.wav;754.0;12:34;key_clash;2;2;;linear;3
synth_000128;C:\Projekte\Projekte\MixCoach\audio-engine\mixcoach-audio-engine\datasets\synthetic\v1\mixes\synth_000128.wav;999.0;16:39;clean;5;1;;linear;0
synth_000128;C:\Projekte\Projekte\MixCoach\audio-engine\mixcoach-audio-engine\datasets\synthetic\v1\mixes\synth_000128.wav;1242.3;20:42;clean;5;2;;linear;0
synth_000129;C:\Projekte\Projekte\MixCoach\audio-engine\mixcoach-audio-engine\datasets\synthetic\v1\mixes\synth_000129.wav;242.7;04:03;clean;5;2;;linear;0
synth_000129;C:\Projekte\Projekte\MixCoach\audio-engine\mixcoach-audio-engine\datasets\synthetic\v1\mixes\synth_000129.wav;494.8;08:15;abrupt;2;2;;linear;1
synth_000129;C:\Projekte\Projekte\MixCoach\audio-engine\mixcoach-audio-engine\datasets\synthetic\v1\mixes\synth_000129.wav;732.9;12:13;train_wreck;1;1;;linear;4
synth_000129;C:\Projekte\Projekte\MixCoach\audio-engine\mixcoach-audio-engine\datasets\synthetic\v1\mixes\synth_000129.wav;970.6;16:11;clean;5;2;;s_curve;0
synth_000130;C:\Projekte\Projekte\MixCoach\audio-engine\mixcoach-audio-engine\datasets\synthetic\v1\mixes\synth_000130.wav;224.6;03:45;off_phrase;2;1;;equal_power;4
synth_000130;C:\Projekte\Projekte\MixCoach\audio-engine\mixcoach-audio-engine\datasets\synthetic\v1\mixes\synth_000130.wav;459.2;07:39;abrupt;2;1;;linear;3
synth_000130;C:\Projekte\Projekte\MixCoach\audio-engine\mixcoach-audio-engine\datasets\synthetic\v1\mixes\synth_000130.wav;692.6;11:33;off_phrase;2;2;;s_curve;4
synth_000130;C:\Projekte\Projekte\MixCoach\audio-engine\mixcoach-audio-engine\datasets\synthetic\v1\mixes\synth_000130.wav;916.0;15:16;clean;5;2;;linear;1
synth_000131;C:\Projekte\Projekte\MixCoach\audio-engine\mixcoach-audio-engine\datasets\synthetic\v1\mixes\synth_000131.wav;248.4;04:08;key_clash;2;2;;exponential;3
synth_000131;C:\Projekte\Projekte\MixCoach\audio-engine\mixcoach-audio-engine\datasets\synthetic\v1\mixes\synth_000131.wav;501.5;08:22;key_clash;2;1;;exponential;4
synth_000131;C:\Projekte\Projekte\MixCoach\audio-engine\mixcoach-audio-engine\datasets\synthetic\v1\mixes\synth_000131.wav;597.2;09:57;clean;5;1;;equal_power;1
synth_000131;C:\Projekte\Projekte\MixCoach\audio-engine\mixcoach-audio-engine\datasets\synthetic\v1\mixes\synth_000131.wav;827.8;13:48;clean;5;1;;linear;1
synth_000132;C:\Projekte\Projekte\MixCoach\audio-engine\mixcoach-audio-engine\datasets\synthetic\v1\mixes\synth_000132.wav;243.7;04:04;clean;5;1;;linear;1
synth_000132;C:\Projekte\Projekte\MixCoach\audio-engine\mixcoach-audio-engine\datasets\synthetic\v1\mixes\synth_000132.wav;486.6;08:07;abrupt;2;1;;linear;5
synth_000132;C:\Projekte\Projekte\MixCoach\audio-engine\mixcoach-audio-engine\datasets\synthetic\v1\mixes\synth_000132.wav;751.2;12:31;off_phrase;2;2;;exponential;3
synth_000134;C:\Projekte\Projekte\MixCoach\audio-engine\mixcoach-audio-engine\datasets\synthetic\v1\mixes\synth_000134.wav;232.6;03:53;train_wreck;1;2;;s_curve;3
synth_000134;C:\Projekte\Projekte\MixCoach\audio-engine\mixcoach-audio-engine\datasets\synthetic\v1\mixes\synth_000134.wav;447.7;07:28;train_wreck;1;1;;exponential;3
synth_000134;C:\Projekte\Projekte\MixCoach\audio-engine\mixcoach-audio-engine\datasets\synthetic\v1\mixes\synth_000134.wav;691.0;11:31;abrupt;2;2;;linear;6
synth_000134;C:\Projekte\Projekte\MixCoach\audio-engine\mixcoach-audio-engine\datasets\synthetic\v1\mixes\synth_000134.wav;946.0;15:46;clean;5;2;;s_curve;1
synth_000134;C:\Projekte\Projekte\MixCoach\audio-engine\mixcoach-audio-engine\datasets\synthetic\v1\mixes\synth_000134.wav;1180.0;19:40;train_wreck;1;1;;linear;5
synth_000135;C:\Projekte\Projekte\MixCoach\audio-engine\mixcoach-audio-engine\datasets\synthetic\v1\mixes\synth_000135.wav;244.5;04:04;off_beat;2;1;;linear;2
synth_000135;C:\Projekte\Projekte\MixCoach\audio-engine\mixcoach-audio-engine\datasets\synthetic\v1\mixes\synth_000135.wav;477.4;07:57;clean;5;2;;s_curve;1
synth_000135;C:\Projekte\Projekte\MixCoach\audio-engine\mixcoach-audio-engine\datasets\synthetic\v1\mixes\synth_000135.wav;721.4;12:01;abrupt;2;1;;linear;4
synth_000135;C:\Projekte\Projekte\MixCoach\audio-engine\mixcoach-audio-engine\datasets\synthetic\v1\mixes\synth_000135.wav;851.5;14:12;clean;5;2;;s_curve;1
synth_000136;C:\Projekte\Projekte\MixCoach\audio-engine\mixcoach-audio-engine\datasets\synthetic\v1\mixes\synth_000136.wav;234.5;03:55;abrupt;2;1;;linear;6
synth_000136;C:\Projekte\Projekte\MixCoach\audio-engine\mixcoach-audio-engine\datasets\synthetic\v1\mixes\synth_000136.wav;472.7;07:53;key_clash;2;2;;equal_power;4
synth_000136;C:\Projekte\Projekte\MixCoach\audio-engine\mixcoach-audio-engine\datasets\synthetic\v1\mixes\synth_000136.wav;726.1;12:06;clean;5;2;;equal_power;0
synth_000136;C:\Projekte\Projekte\MixCoach\audio-engine\mixcoach-audio-engine\datasets\synthetic\v1\mixes\synth_000136.wav;946.2;15:46;clean;5;1;;s_curve;1
synth_000136;C:\Projekte\Projekte\MixCoach\audio-engine\mixcoach-audio-engine\datasets\synthetic\v1\mixes\synth_000136.wav;1176.2;19:36;clean;5;1;;equal_power;1
synth_000137;C:\Projekte\Projekte\MixCoach\audio-engine\mixcoach-audio-engine\datasets\synthetic\v1\mixes\synth_000137.wav;135.1;02:15;clean;5;1;;linear;0
synth_000137;C:\Projekte\Projekte\MixCoach\audio-engine\mixcoach-audio-engine\datasets\synthetic\v1\mixes\synth_000137.wav;380.6;06:21;clean;5;1;;s_curve;1
synth_000137;C:\Projekte\Projekte\MixCoach\audio-engine\mixcoach-audio-engine\datasets\synthetic\v1\mixes\synth_000137.wav;636.1;10:36;clean;5;1;;equal_power;1
synth_000137;C:\Projekte\Projekte\MixCoach\audio-engine\mixcoach-audio-engine\datasets\synthetic\v1\mixes\synth_000137.wav;844.8;14:05;clean;5;2;;linear;1
synth_000138;C:\Projekte\Projekte\MixCoach\audio-engine\mixcoach-audio-engine\datasets\synthetic\v1\mixes\synth_000138.wav;241.7;04:02;clean;5;2;;s_curve;1
synth_000138;C:\Projekte\Projekte\MixCoach\audio-engine\mixcoach-audio-engine\datasets\synthetic\v1\mixes\synth_000138.wav;461.0;07:41;clean;5;1;;s_curve;1
synth_000138;C:\Projekte\Projekte\MixCoach\audio-engine\mixcoach-audio-engine\datasets\synthetic\v1\mixes\synth_000138.wav;707.6;11:48;clean;5;2;;equal_power;1
synth_000139;C:\Projekte\Projekte\MixCoach\audio-engine\mixcoach-audio-engine\datasets\synthetic\v1\mixes\synth_000139.wav;255.7;04:16;clean;5;2;;equal_power;0
synth_000139;C:\Projekte\Projekte\MixCoach\audio-engine\mixcoach-audio-engine\datasets\synthetic\v1\mixes\synth_000139.wav;507.2;08:27;train_wreck;1;2;;exponential;3
synth_000139;C:\Projekte\Projekte\MixCoach\audio-engine\mixcoach-audio-engine\datasets\synthetic\v1\mixes\synth_000139.wav;751.3;12:31;clean;5;1;;linear;0
synth_000140;C:\Projekte\Projekte\MixCoach\audio-engine\mixcoach-audio-engine\datasets\synthetic\v1\mixes\synth_000140.wav;209.6;03:30;key_clash;2;2;;exponential;4
synth_000140;C:\Projekte\Projekte\MixCoach\audio-engine\mixcoach-audio-engine\datasets\synthetic\v1\mixes\synth_000140.wav;398.4;06:38;abrupt;2;1;;linear;1
synth_000140;C:\Projekte\Projekte\MixCoach\audio-engine\mixcoach-audio-engine\datasets\synthetic\v1\mixes\synth_000140.wav;641.5;10:42;clean;5;1;;linear;0
synth_000140;C:\Projekte\Projekte\MixCoach\audio-engine\mixcoach-audio-engine\datasets\synthetic\v1\mixes\synth_000140.wav;875.3;14:35;off_phrase;3;2;;equal_power;1
synth_000142;C:\Projekte\Projekte\MixCoach\audio-engine\mixcoach-audio-engine\datasets\synthetic\v1\mixes\synth_000142.wav;244.5;04:05;off_beat;3;2;;exponential;2
synth_000142;C:\Projekte\Projekte\MixCoach\audio-engine\mixcoach-audio-engine\datasets\synthetic\v1\mixes\synth_000142.wav;495.6;08:16;key_clash;2;2;;exponential;3
synth_000142;C:\Projekte\Projekte\MixCoach\audio-engine\mixcoach-audio-engine\datasets\synthetic\v1\mixes\synth_000142.wav;569.2;09:29;train_wreck;1;1;;exponential;5
synth_000142;C:\Projekte\Projekte\MixCoach\audio-engine\mixcoach-audio-engine\datasets\synthetic\v1\mixes\synth_000142.wav;747.4;12:27;abrupt;2;1;;linear;5
synth_000143;C:\Projekte\Projekte\MixCoach\audio-engine\mixcoach-audio-engine\datasets\synthetic\v1\mixes\synth_000143.wav;250.2;04:10;clean;5;1;;linear;1
synth_000143;C:\Projekte\Projekte\MixCoach\audio-engine\mixcoach-audio-engine\datasets\synthetic\v1\mixes\synth_000143.wav;390.6;06:31;clean;5;1;;equal_power;0
synth_000143;C:\Projekte\Projekte\MixCoach\audio-engine\mixcoach-audio-engine\datasets\synthetic\v1\mixes\synth_000143.wav;552.1;09:12;clean;5;1;;s_curve;0
synth_000143;C:\Projekte\Projekte\MixCoach\audio-engine\mixcoach-audio-engine\datasets\synthetic\v1\mixes\synth_000143.wav;774.9;12:55;clean;5;2;;linear;1
synth_000144;C:\Projekte\Projekte\MixCoach\audio-engine\mixcoach-audio-engine\datasets\synthetic\v1\mixes\synth_000144.wav;249.5;04:10;off_beat;3;2;;s_curve;0
synth_000144;C:\Projekte\Projekte\MixCoach\audio-engine\mixcoach-audio-engine\datasets\synthetic\v1\mixes\synth_000144.wav;476.3;07:56;off_beat;3;1;;linear;4
synth_000144;C:\Projekte\Projekte\MixCoach\audio-engine\mixcoach-audio-engine\datasets\synthetic\v1\mixes\synth_000144.wav;708.8;11:49;clean;5;2;;s_curve;0
synth_000145;C:\Projekte\Projekte\MixCoach\audio-engine\mixcoach-audio-engine\datasets\synthetic\v1\mixes\synth_000145.wav;231.1;03:51;abrupt;2;2;;linear;4
synth_000145;C:\Projekte\Projekte\MixCoach\audio-engine\mixcoach-audio-engine\datasets\synthetic\v1\mixes\synth_000145.wav;409.4;06:49;clean;5;2;;equal_power;1
synth_000145;C:\Projekte\Projekte\MixCoach\audio-engine\mixcoach-audio-engine\datasets\synthetic\v1\mixes\synth_000145.wav;656.1;10:56;train_wreck;1;1;;equal_power;3
synth_000146;C:\Projekte\Projekte\MixCoach\audio-engine\mixcoach-audio-engine\datasets\synthetic\v1\mixes\synth_000146.wav;231.9;03:52;clean;5;2;;s_curve;1
synth_000146;C:\Projekte\Projekte\MixCoach\audio-engine\mixcoach-audio-engine\datasets\synthetic\v1\mixes\synth_000146.wav;428.3;07:08;key_clash;2;1;;equal_power;4
synth_000146;C:\Projekte\Projekte\MixCoach\audio-engine\mixcoach-audio-engine\datasets\synthetic\v1\mixes\synth_000146.wav;658.2;10:58;clean;5;2;;s_curve;0
synth_000146;C:\Projekte\Projekte\MixCoach\audio-engine\mixcoach-audio-engine\datasets\synthetic\v1\mixes\synth_000146.wav;918.9;15:19;clean;5;1;;equal_power;1
synth_000147;C:\Projekte\Projekte\MixCoach\audio-engine\mixcoach-audio-engine\datasets\synthetic\v1\mixes\synth_000147.wav;256.9;04:17;clean;5;1;;linear;0
synth_000147;C:\Projekte\Projekte\MixCoach\audio-engine\mixcoach-audio-engine\datasets\synthetic\v1\mixes\synth_000147.wav;523.5;08:43;clean;5;1;;equal_power;1
synth_000147;C:\Projekte\Projekte\MixCoach\audio-engine\mixcoach-audio-engine\datasets\synthetic\v1\mixes\synth_000147.wav;788.1;13:08;train_wreck;1;1;;equal_power;5
synth_000149;C:\Projekte\Projekte\MixCoach\audio-engine\mixcoach-audio-engine\datasets\synthetic\v1\mixes\synth_000149.wav;245.5;04:06;off_beat;3;1;;exponential;6
synth_000149;C:\Projekte\Projekte\MixCoach\audio-engine\mixcoach-audio-engine\datasets\synthetic\v1\mixes\synth_000149.wav;473.0;07:53;key_clash;2;2;;linear;4
synth_000149;C:\Projekte\Projekte\MixCoach\audio-engine\mixcoach-audio-engine\datasets\synthetic\v1\mixes\synth_000149.wav;552.3;09:12;abrupt;2;2;;linear;1
synth_000150;C:\Projekte\Projekte\MixCoach\audio-engine\mixcoach-audio-engine\datasets\synthetic\v1\mixes\synth_000150.wav;243.0;04:03;key_clash;2;1;;s_curve;3
synth_000150;C:\Projekte\Projekte\MixCoach\audio-engine\mixcoach-audio-engine\datasets\synthetic\v1\mixes\synth_000150.wav;501.5;08:22;key_clash;2;2;;exponential;4
synth_000150;C:\Projekte\Projekte\MixCoach\audio-engine\mixcoach-audio-engine\datasets\synthetic\v1\mixes\synth_000150.wav;736.9;12:17;off_phrase;2;2;;equal_power;1
synth_000150;C:\Projekte\Projekte\MixCoach\audio-engine\mixcoach-audio-engine\datasets\synthetic\v1\mixes\synth_000150.wav;919.7;15:20;clean;5;2;;s_curve;0
synth_000151;C:\Projekte\Projekte\MixCoach\audio-engine\mixcoach-audio-engine\datasets\synthetic\v1\mixes\synth_000151.wav;249.1;04:09;clean;5;1;;s_curve;1
synth_000151;C:\Projekte\Projekte\MixCoach\audio-engine\mixcoach-audio-engine\datasets\synthetic\v1\mixes\synth_000151.wav;255.8;04:16;train_wreck;1;1;;s_curve;4
synth_000151;C:\Projekte\Projekte\MixCoach\audio-engine\mixcoach-audio-engine\datasets\synthetic\v1\mixes\synth_000151.wav;491.2;08:11;clean;5;2;;s_curve;1
synth_000151;C:\Projekte\Projekte\MixCoach\audio-engine\mixcoach-audio-engine\datasets\synthetic\v1\mixes\synth_000151.wav;726.9;12:07;clean;5;1;;linear;1
synth_000151;C:\Projekte\Projekte\MixCoach\audio-engine\mixcoach-audio-engine\datasets\synthetic\v1\mixes\synth_000151.wav;755.8;12:36;clean;5;2;;s_curve;0
synth_000152;C:\Projekte\Projekte\MixCoach\audio-engine\mixcoach-audio-engine\datasets\synthetic\v1\mixes\synth_000152.wav;250.6;04:11;clean;5;1;;s_curve;1
synth_000152;C:\Projekte\Projekte\MixCoach\audio-engine\mixcoach-audio-engine\datasets\synthetic\v1\mixes\synth_000152.wav;519.8;08:40;train_wreck;1;2;;equal_power;3
synth_000152;C:\Projekte\Projekte\MixCoach\audio-engine\mixcoach-audio-engine\datasets\synthetic\v1\mixes\synth_000152.wav;766.1;12:46;clean;5;2;;equal_power;1
synth_000152;C:\Projekte\Projekte\MixCoach\audio-engine\mixcoach-audio-engine\datasets\synthetic\v1\mixes\synth_000152.wav;1015.8;16:56;off_beat;2;1;;linear;1
synth_000152;C:\Projekte\Projekte\MixCoach\audio-engine\mixcoach-audio-engine\datasets\synthetic\v1\mixes\synth_000152.wav;1193.3;19:53;clean;5;1;;linear;0
synth_000153;C:\Projekte\Projekte\MixCoach\audio-engine\mixcoach-audio-engine\datasets\synthetic\v1\mixes\synth_000153.wav;258.9;04:19;abrupt;2;1;;linear;5
synth_000153;C:\Projekte\Projekte\MixCoach\audio-engine\mixcoach-audio-engine\datasets\synthetic\v1\mixes\synth_000153.wav;502.9;08:23;off_beat;3;1;;equal_power;2
synth_000153;C:\Projekte\Projekte\MixCoach\audio-engine\mixcoach-audio-engine\datasets\synthetic\v1\mixes\synth_000153.wav;738.9;12:19;clean;5;1;;linear;0
synth_000154;C:\Projekte\Projekte\MixCoach\audio-engine\mixcoach-audio-engine\datasets\synthetic\v1\mixes\synth_000154.wav;69.2;01:09;clean;5;2;;linear;1
synth_000154;C:\Projekte\Projekte\MixCoach\audio-engine\mixcoach-audio-engine\datasets\synthetic\v1\mixes\synth_000154.wav;336.9;05:37;off_beat;2;2;;s_curve;6
synth_000154;C:\Projekte\Projekte\MixCoach\audio-engine\mixcoach-audio-engine\datasets\synthetic\v1\mixes\synth_000154.wav;586.9;09:47;off_phrase;2;1;;s_curve;4
synth_000155;C:\Projekte\Projekte\MixCoach\audio-engine\mixcoach-audio-engine\datasets\synthetic\v1\mixes\synth_000155.wav;237.5;03:57;off_beat;3;2;;linear;3
synth_000155;C:\Projekte\Projekte\MixCoach\audio-engine\mixcoach-audio-engine\datasets\synthetic\v1\mixes\synth_000155.wav;481.7;08:02;clean;5;2;;equal_power;1
synth_000155;C:\Projekte\Projekte\MixCoach\audio-engine\mixcoach-audio-engine\datasets\synthetic\v1\mixes\synth_000155.wav;721.8;12:02;off_phrase;3;2;;s_curve;1
synth_000156;C:\Projekte\Projekte\MixCoach\audio-engine\mixcoach-audio-engine\datasets\synthetic\v1\mixes\synth_000156.wav;259.8;04:20;abrupt;2;1;;linear;4
synth_000156;C:\Projekte\Projekte\MixCoach\audio-engine\mixcoach-audio-engine\datasets\synthetic\v1\mixes\synth_000156.wav;492.6;08:13;off_beat;3;2;;exponential;2
synth_000156;C:\Projekte\Projekte\MixCoach\audio-engine\mixcoach-audio-engine\datasets\synthetic\v1\mixes\synth_000156.wav;725.2;12:05;clean;5;1;;linear;1
synth_000157;C:\Projekte\Projekte\MixCoach\audio-engine\mixcoach-audio-engine\datasets\synthetic\v1\mixes\synth_000157.wav;246.5;04:06;clean;5;1;;linear;1
synth_000157;C:\Projekte\Projekte\MixCoach\audio-engine\mixcoach-audio-engine\datasets\synthetic\v1\mixes\synth_000157.wav;482.6;08:03;abrupt;2;2;;linear;3
synth_000157;C:\Projekte\Projekte\MixCoach\audio-engine\mixcoach-audio-engine\datasets\synthetic\v1\mixes\synth_000157.wav;751.6;12:32;train_wreck;1;2;;equal_power;3
synth_000157;C:\Projekte\Projekte\MixCoach\audio-engine\mixcoach-audio-engine\datasets\synthetic\v1\mixes\synth_000157.wav;1000.2;16:40;clean;5;2;;s_curve;1
synth_000157;C:\Projekte\Projekte\MixCoach\audio-engine\mixcoach-audio-engine\datasets\synthetic\v1\mixes\synth_000157.wav;1199.4;19:59;off_phrase;2;1;;exponential;4
synth_000158;C:\Projekte\Projekte\MixCoach\audio-engine\mixcoach-audio-engine\datasets\synthetic\v1\mixes\synth_000158.wav;240.3;04:00;clean;5;1;;linear;1
synth_000158;C:\Projekte\Projekte\MixCoach\audio-engine\mixcoach-audio-engine\datasets\synthetic\v1\mixes\synth_000158.wav;473.9;07:54;abrupt;2;1;;linear;2
synth_000158;C:\Projekte\Projekte\MixCoach\audio-engine\mixcoach-audio-engine\datasets\synthetic\v1\mixes\synth_000158.wav;731.5;12:12;abrupt;2;1;;linear;4
synth_000158;C:\Projekte\Projekte\MixCoach\audio-engine\mixcoach-audio-engine\datasets\synthetic\v1\mixes\synth_000158.wav;972.4;16:12;key_clash;1;1;;equal_power;6
synth_000158;C:\Projekte\Projekte\MixCoach\audio-engine\mixcoach-audio-engine\datasets\synthetic\v1\mixes\synth_000158.wav;1226.3;20:26;clean;5;2;;s_curve;0
synth_000159;C:\Projekte\Projekte\MixCoach\audio-engine\mixcoach-audio-engine\datasets\synthetic\v1\mixes\synth_000159.wav;241.4;04:01;clean;5;2;;equal_power;0
synth_000159;C:\Projekte\Projekte\MixCoach\audio-engine\mixcoach-audio-engine\datasets\synthetic\v1\mixes\synth_000159.wav;457.4;07:37;clean;5;1;;equal_power;1
synth_000159;C:\Projekte\Projekte\MixCoach\audio-engine\mixcoach-audio-engine\datasets\synthetic\v1\mixes\synth_000159.wav;697.3;11:37;key_clash;2;2;;s_curve;4
synth_000159;C:\Projekte\Projekte\MixCoach\audio-engine\mixcoach-audio-engine\datasets\synthetic\v1\mixes\synth_000159.wav;959.5;16:00;abrupt;2;2;;linear;3
synth_000160;C:\Projekte\Projekte\MixCoach\audio-engine\mixcoach-audio-engine\datasets\synthetic\v1\mixes\synth_000160.wav;246.1;04:06;off_phrase;3;2;;s_curve;1
synth_000160;C:\Projekte\Projekte\MixCoach\audio-engine\mixcoach-audio-engine\datasets\synthetic\v1\mixes\synth_000160.wav;472.2;07:52;train_wreck;1;1;;s_curve;6
synth_000160;C:\Projekte\Projekte\MixCoach\audio-engine\mixcoach-audio-engine\datasets\synthetic\v1\mixes\synth_000160.wav;729.9;12:10;key_clash;2;2;;equal_power;4
synth_000160;C:\Projekte\Projekte\MixCoach\audio-engine\mixcoach-audio-engine\datasets\synthetic\v1\mixes\synth_000160.wav;976.3;16:16;clean;5;1;;s_curve;1
synth_000160;C:\Projekte\Projekte\MixCoach\audio-engine\mixcoach-audio-engine\datasets\synthetic\v1\mixes\synth_000160.wav;1203.2;20:03;abrupt;2;2;;linear;6
synth_000161;C:\Projekte\Projekte\MixCoach\audio-engine\mixcoach-audio-engine\datasets\synthetic\v1\mixes\synth_000161.wav;242.5;04:02;clean;5;1;;linear;1
synth_000161;C:\Projekte\Projekte\MixCoach\audio-engine\mixcoach-audio-engine\datasets\synthetic\v1\mixes\synth_000161.wav;485.4;08:05;clean;5;1;;equal_power;1
synth_000161;C:\Projekte\Projekte\MixCoach\audio-engine\mixcoach-audio-engine\datasets\synthetic\v1\mixes\synth_000161.wav;726.3;12:06;train_wreck;1;1;;s_curve;4
synth_000161;C:\Projekte\Projekte\MixCoach\audio-engine\mixcoach-audio-engine\datasets\synthetic\v1\mixes\synth_000161.wav;972.2;16:12;abrupt;2;1;;linear;3
synth_000162;C:\Projekte\Projekte\MixCoach\audio-engine\mixcoach-audio-engine\datasets\synthetic\v1\mixes\synth_000162.wav;158.9;02:39;clean;5;1;;linear;1
synth_000162;C:\Projekte\Projekte\MixCoach\audio-engine\mixcoach-audio-engine\datasets\synthetic\v1\mixes\synth_000162.wav;373.2;06:13;clean;5;2;;equal_power;1
synth_000162;C:\Projekte\Projekte\MixCoach\audio-engine\mixcoach-audio-engine\datasets\synthetic\v1\mixes\synth_000162.wav;599.3;09:59;clean;5;2;;s_curve;1
synth_000162;C:\Projekte\Projekte\MixCoach\audio-engine\mixcoach-audio-engine\datasets\synthetic\v1\mixes\synth_000162.wav;857.7;14:18;clean;5;1;;s_curve;0
synth_000162;C:\Projekte\Projekte\MixCoach\audio-engine\mixcoach-audio-engine\datasets\synthetic\v1\mixes\synth_000162.wav;1125.6;18:46;key_clash;2;2;;exponential;3
synth_000163;C:\Projekte\Projekte\MixCoach\audio-engine\mixcoach-audio-engine\datasets\synthetic\v1\mixes\synth_000163.wav;251.6;04:12;key_clash;1;2;;exponential;6
synth_000163;C:\Projekte\Projekte\MixCoach\audio-engine\mixcoach-audio-engine\datasets\synthetic\v1\mixes\synth_000163.wav;504.2;08:24;clean;5;2;;equal_power;1
synth_000163;C:\Projekte\Projekte\MixCoach\audio-engine\mixcoach-audio-engine\datasets\synthetic\v1\mixes\synth_000163.wav;662.9;11:03;abrupt;2;1;;linear;3
synth_000164;C:\Projekte\Projekte\MixCoach\audio-engine\mixcoach-audio-engine\datasets\synthetic\v1\mixes\synth_000164.wav;246.1;04:06;clean;5;2;;equal_power;1
synth_000164;C:\Projekte\Projekte\MixCoach\audio-engine\mixcoach-audio-engine\datasets\synthetic\v1\mixes\synth_000164.wav;483.3;08:03;off_phrase;2;2;;s_curve;6
synth_000164;C:\Projekte\Projekte\MixCoach\audio-engine\mixcoach-audio-engine\datasets\synthetic\v1\mixes\synth_000164.wav;727.5;12:08;train_wreck;1;1;;linear;4
synth_000165;C:\Projekte\Projekte\MixCoach\audio-engine\mixcoach-audio-engine\datasets\synthetic\v1\mixes\synth_000165.wav;250.3;04:10;clean;5;1;;s_curve;0
synth_000165;C:\Projekte\Projekte\MixCoach\audio-engine\mixcoach-audio-engine\datasets\synthetic\v1\mixes\synth_000165.wav;505.9;08:26;train_wreck;1;2;;equal_power;4
synth_000165;C:\Projekte\Projekte\MixCoach\audio-engine\mixcoach-audio-engine\datasets\synthetic\v1\mixes\synth_000165.wav;750.5;12:31;clean;5;1;;equal_power;0
synth_000165;C:\Projekte\Projekte\MixCoach\audio-engine\mixcoach-audio-engine\datasets\synthetic\v1\mixes\synth_000165.wav;1013.4;16:53;clean;5;2;;equal_power;0
synth_000166;C:\Projekte\Projekte\MixCoach\audio-engine\mixcoach-audio-engine\datasets\synthetic\v1\mixes\synth_000166.wav;259.5;04:20;abrupt;2;1;;linear;3
synth_000166;C:\Projekte\Projekte\MixCoach\audio-engine\mixcoach-audio-engine\datasets\synthetic\v1\mixes\synth_000166.wav;486.6;08:07;clean;5;2;;linear;1
synth_000166;C:\Projekte\Projekte\MixCoach\audio-engine\mixcoach-audio-engine\datasets\synthetic\v1\mixes\synth_000166.wav;607.3;10:07;off_phrase;2;2;;linear;5
synth_000166;C:\Projekte\Projekte\MixCoach\audio-engine\mixcoach-audio-engine\datasets\synthetic\v1\mixes\synth_000166.wav;870.8;14:31;off_phrase;2;1;;exponential;3
synth_000166;C:\Projekte\Projekte\MixCoach\audio-engine\mixcoach-audio-engine\datasets\synthetic\v1\mixes\synth_000166.wav;1120.1;18:40;clean;5;1;;s_curve;0
synth_000167;C:\Projekte\Projekte\MixCoach\audio-engine\mixcoach-audio-engine\datasets\synthetic\v1\mixes\synth_000167.wav;192.3;03:12;clean;5;1;;linear;1
synth_000167;C:\Projekte\Projekte\MixCoach\audio-engine\mixcoach-audio-engine\datasets\synthetic\v1\mixes\synth_000167.wav;418.7;06:59;clean;5;1;;linear;1
synth_000167;C:\Projekte\Projekte\MixCoach\audio-engine\mixcoach-audio-engine\datasets\synthetic\v1\mixes\synth_000167.wav;661.6;11:02;clean;5;1;;linear;0
synth_000169;C:\Projekte\Projekte\MixCoach\audio-engine\mixcoach-audio-engine\datasets\synthetic\v1\mixes\synth_000169.wav;234.1;03:54;clean;5;2;;s_curve;1
synth_000169;C:\Projekte\Projekte\MixCoach\audio-engine\mixcoach-audio-engine\datasets\synthetic\v1\mixes\synth_000169.wav;479.1;07:59;train_wreck;1;2;;s_curve;5
synth_000169;C:\Projekte\Projekte\MixCoach\audio-engine\mixcoach-audio-engine\datasets\synthetic\v1\mixes\synth_000169.wav;700.9;11:41;clean;5;1;;s_curve;1
synth_000169;C:\Projekte\Projekte\MixCoach\audio-engine\mixcoach-audio-engine\datasets\synthetic\v1\mixes\synth_000169.wav;910.6;15:11;clean;5;2;;s_curve;1
synth_000170;C:\Projekte\Projekte\MixCoach\audio-engine\mixcoach-audio-engine\datasets\synthetic\v1\mixes\synth_000170.wav;241.9;04:02;clean;5;2;;linear;1
synth_000170;C:\Projekte\Projekte\MixCoach\audio-engine\mixcoach-audio-engine\datasets\synthetic\v1\mixes\synth_000170.wav;439.2;07:19;key_clash;2;2;;s_curve;3
synth_000170;C:\Projekte\Projekte\MixCoach\audio-engine\mixcoach-audio-engine\datasets\synthetic\v1\mixes\synth_000170.wav;617.7;10:18;abrupt;2;1;;linear;1
synth_000170;C:\Projekte\Projekte\MixCoach\audio-engine\mixcoach-audio-engine\datasets\synthetic\v1\mixes\synth_000170.wav;829.1;13:49;clean;5;2;;s_curve;1
synth_000171;C:\Projekte\Projekte\MixCoach\audio-engine\mixcoach-audio-engine\datasets\synthetic\v1\mixes\synth_000171.wav;247.6;04:08;train_wreck;1;1;;s_curve;5
synth_000171;C:\Projekte\Projekte\MixCoach\audio-engine\mixcoach-audio-engine\datasets\synthetic\v1\mixes\synth_000171.wav;510.2;08:30;clean;5;1;;equal_power;1
synth_000171;C:\Projekte\Projekte\MixCoach\audio-engine\mixcoach-audio-engine\datasets\synthetic\v1\mixes\synth_000171.wav;715.6;11:56;clean;5;2;;s_curve;1
synth_000172;C:\Projekte\Projekte\MixCoach\audio-engine\mixcoach-audio-engine\datasets\synthetic\v1\mixes\synth_000172.wav;104.6;01:45;clean;5;2;;equal_power;1
synth_000172;C:\Projekte\Projekte\MixCoach\audio-engine\mixcoach-audio-engine\datasets\synthetic\v1\mixes\synth_000172.wav;328.6;05:29;abrupt;2;2;;linear;5
synth_000172;C:\Projekte\Projekte\MixCoach\audio-engine\mixcoach-audio-engine\datasets\synthetic\v1\mixes\synth_000172.wav;476.4;07:56;clean;5;1;;linear;1
synth_000172;C:\Projekte\Projekte\MixCoach\audio-engine\mixcoach-audio-engine\datasets\synthetic\v1\mixes\synth_000172.wav;721.3;12:01;clean;5;1;;linear;1
synth_000172;C:\Projekte\Projekte\MixCoach\audio-engine\mixcoach-audio-engine\datasets\synthetic\v1\mixes\synth_000172.wav;936.7;15:37;key_clash;2;1;;equal_power;4
synth_000173;C:\Projekte\Projekte\MixCoach\audio-engine\mixcoach-audio-engine\datasets\synthetic\v1\mixes\synth_000173.wav;242.2;04:02;train_wreck;1;1;;linear;6
synth_000173;C:\Projekte\Projekte\MixCoach\audio-engine\mixcoach-audio-engine\datasets\synthetic\v1\mixes\synth_000173.wav;478.2;07:58;key_clash;2;1;;equal_power;3
synth_000173;C:\Projekte\Projekte\MixCoach\audio-engine\mixcoach-audio-engine\datasets\synthetic\v1\mixes\synth_000173.wav;711.6;11:52;key_clash;2;2;;exponential;3
synth_000173;C:\Projekte\Projekte\MixCoach\audio-engine\mixcoach-audio-engine\datasets\synthetic\v1\mixes\synth_000173.wav;971.2;16:11;abrupt;2;2;;linear;5
synth_000173;C:\Projekte\Projekte\MixCoach\audio-engine\mixcoach-audio-engine\datasets\synthetic\v1\mixes\synth_000173.wav;1222.5;20:22;off_phrase;3;1;;linear;1
synth_000175;C:\Projekte\Projekte\MixCoach\audio-engine\mixcoach-audio-engine\datasets\synthetic\v1\mixes\synth_000175.wav;244.6;04:05;clean;5;2;;s_curve;1
synth_000175;C:\Projekte\Projekte\MixCoach\audio-engine\mixcoach-audio-engine\datasets\synthetic\v1\mixes\synth_000175.wav;495.8;08:16;clean;5;2;;linear;1
synth_000175;C:\Projekte\Projekte\MixCoach\audio-engine\mixcoach-audio-engine\datasets\synthetic\v1\mixes\synth_000175.wav;749.5;12:29;off_beat;3;2;;exponential;2
synth_000175;C:\Projekte\Projekte\MixCoach\audio-engine\mixcoach-audio-engine\datasets\synthetic\v1\mixes\synth_000175.wav;987.2;16:27;clean;5;1;;equal_power;0
